ticker,rule,samples_20d,samples,valid,win_rate_20d,win_rate,median_return_20d,median_return,worst_mae_20d,worst_mae,active_latest_day,evidence_score_0_100
AAPL,momentum_leader,1746,1746,True,0.6627,0.6627,0.0341,0.0341,-0.3688,-0.3688,True,56.9
AAPL,ma50_reclaim_bullish,131,131,True,0.6336,0.6336,0.0246,0.0246,-0.2311,-0.2311,False,52.2
AAPL,failed_rebound_risk,700,700,True,0.6371,0.6371,0.0251,0.0251,-0.4457,-0.4457,False,51.6
AAPL,ma20_reclaim_bullish,139,139,True,0.6187,0.6187,0.0229,0.0229,-0.2201,-0.2201,False,50.8
AAPL,rsi_oversold_reclaim_40,233,233,True,0.6009,0.6009,0.0202,0.0202,-0.3441,-0.3441,False,46.4
AAPL,pullback_reclaim_5dma,38,38,True,0.5263,0.5263,0.0098,0.0098,-0.3968,-0.3968,False,19.9
AAPL,relative_strength_rebound,10,10,False,0.7,0.7,0.0458,0.0458,-0.2351,-0.2351,False,39.0
AMZN,ma50_reclaim_bullish,114,114,True,0.6667,0.6667,0.0277,0.0277,-0.4643,-0.4643,False,55.3
AMZN,rsi_oversold_reclaim_40,244,244,True,0.623,0.623,0.028,0.028,-0.4048,-0.4048,False,51.0
AMZN,ma20_reclaim_bullish,152,152,True,0.6053,0.6053,0.0232,0.0232,-0.2412,-0.2412,False,48.3
AMZN,failed_rebound_risk,751,751,True,0.6032,0.6032,0.0234,0.0234,-0.3798,-0.3798,False,47.6
AMZN,momentum_leader,1694,1694,True,0.5726,0.5726,0.0177,0.0177,-0.3307,-0.3307,False,42.8
AMZN,pullback_reclaim_5dma,44,44,True,0.5909,0.5909,0.0298,0.0298,-0.3017,-0.3017,False,34.9
AMZN,relative_strength_rebound,18,18,False,0.5556,0.5556,0.0403,0.0403,-0.1837,-0.1837,False,28.9
AVGO,rsi_oversold_reclaim_40,141,141,True,0.7305,0.7305,0.0667,0.0667,-0.4547,-0.4547,False,73.9
AVGO,failed_rebound_risk,511,511,True,0.683,0.683,0.0404,0.0404,-0.4966,-0.4966,False,60.9
AVGO,ma50_reclaim_bullish,148,148,True,0.6689,0.6689,0.0358,0.0358,-0.5069,-0.5069,False,58.1
AVGO,ma20_reclaim_bullish,132,132,True,0.6288,0.6288,0.0247,0.0247,-0.2873,-0.2873,False,50.6
AVGO,pullback_reclaim_5dma,31,31,True,0.6774,0.6774,0.0552,0.0552,-0.2022,-0.2022,False,49.5
AVGO,momentum_leader,1178,1178,True,0.5942,0.5942,0.0198,0.0198,-0.3791,-0.3791,False,45.6
AVGO,relative_strength_rebound,13,13,False,0.8462,0.8462,0.0734,0.0734,-0.2022,-0.2022,False,65.3
GLD,ma20_reclaim_bullish,164,164,True,0.5976,0.5976,0.0146,0.0146,-0.1569,-0.1569,False,49.9
GLD,failed_rebound_risk,729,729,True,0.6077,0.6077,0.0102,0.0102,-0.1983,-0.1983,False,47.1
GLD,rsi_oversold_reclaim_40,190,190,True,0.5789,0.5789,0.005,0.005,-0.154,-0.154,False,45.2
GLD,ma50_reclaim_bullish,125,125,True,0.504,0.504,0.0025,0.0025,-0.1331,-0.1331,False,38.2
GLD,momentum_leader,826,826,True,0.5351,0.5351,0.0037,0.0037,-0.2659,-0.2659,False,34.7
GLD,pullback_reclaim_5dma,6,6,False,0.5,0.5,-0.0053,-0.0053,-0.2169,-0.2169,False,4.2
GLD,relative_strength_rebound,5,5,False,0.2,0.2,-0.0862,-0.0862,-0.2169,-0.2169,False,3.9
GOOGL,ma20_reclaim_bullish,150,150,True,0.6467,0.6467,0.0263,0.0263,-0.255,-0.255,False,52.9
GOOGL,failed_rebound_risk,748,748,True,0.6176,0.6176,0.0227,0.0227,-0.2895,-0.2895,False,48.9
GOOGL,ma50_reclaim_bullish,114,114,True,0.6053,0.6053,0.0182,0.0182,-0.2192,-0.2192,False,48.1
GOOGL,momentum_leader,1430,1430,True,0.607,0.607,0.022,0.022,-0.2701,-0.2701,False,47.6
GOOGL,rsi_oversold_reclaim_40,226,226,True,0.5796,0.5796,0.0143,0.0143,-0.3111,-0.3111,False,42.4
GOOGL,pullback_reclaim_5dma,21,21,True,0.3333,0.3333,-0.0148,-0.0148,-0.2375,-0.2375,False,8.6
GOOGL,relative_strength_rebound,9,9,False,0.3333,0.3333,-0.0032,-0.0032,-0.2375,-0.2375,False,4.1
IEF,momentum_leader,41,41,True,0.7561,0.7561,0.0146,0.0146,-0.0424,-0.0424,False,58.0
IEF,ma50_reclaim_bullish,131,131,True,0.5725,0.5725,0.0016,0.0016,-0.0362,-0.0362,False,50.6
IEF,rsi_oversold_reclaim_40,262,262,True,0.5763,0.5763,0.002,0.002,-0.062,-0.062,False,49.5
IEF,ma20_reclaim_bullish,190,190,True,0.5684,0.5684,0.0022,0.0022,-0.0535,-0.0535,False,49.3
IEF,failed_rebound_risk,794,794,True,0.5592,0.5592,0.0027,0.0027,-0.0662,-0.0662,False,47.8
IEF,pullback_reclaim_5dma,0,0,False,,,,,,,False,0.0
IEF,relative_strength_rebound,0,0,False,,,,,,,False,0.0
META,momentum_leader,1058,1058,True,0.6531,0.6531,0.0306,0.0306,-0.2774,-0.2774,True,54.9
META,ma20_reclaim_bullish,114,114,True,0.614,0.614,0.0229,0.0229,-0.2435,-0.2435,False,48.9
META,failed_rebound_risk,471,471,True,0.6008,0.6008,0.0259,0.0259,-0.3548,-0.3548,False,48.2
META,rsi_oversold_reclaim_40,147,147,True,0.5782,0.5782,0.0174,0.0174,-0.4111,-0.4111,False,43.3
META,ma50_reclaim_bullish,97,97,True,0.5773,0.5773,0.0124,0.0124,-0.2677,-0.2677,False,41.6
META,pullback_reclaim_5dma,34,34,True,0.4706,0.4706,-0.0055,-0.0055,-0.3394,-0.3394,False,12.8
META,relative_strength_rebound,18,18,False,0.6667,0.6667,0.069,0.069,-0.174,-0.174,False,49.5
MSFT,ma20_reclaim_bullish,186,186,True,0.6075,0.6075,0.0167,0.0167,-0.2005,-0.2005,False,48.9
MSFT,momentum_leader,1176,1176,True,0.6003,0.6003,0.0165,0.0165,-0.2792,-0.2792,False,45.2
MSFT,ma50_reclaim_bullish,139,139,True,0.5971,0.5971,0.0128,0.0128,-0.2331,-0.2331,False,44.7
MSFT,failed_rebound_risk,725,725,True,0.589,0.589,0.0144,0.0144,-0.2441,-0.2441,False,43.8
MSFT,rsi_oversold_reclaim_40,222,222,True,0.5541,0.5541,0.0113,0.0113,-0.2331,-0.2331,False,40.0
MSFT,pullback_reclaim_5dma,21,21,True,0.619,0.619,0.0197,0.0197,-0.187,-0.187,False,29.7
MSFT,relative_strength_rebound,13,13,False,0.5385,0.5385,0.0003,0.0003,-0.2154,-0.2154,False,10.9
NVDA,momentum_leader,1820,1820,True,0.6412,0.6412,0.0403,0.0403,-0.5112,-0.5112,False,56.7
NVDA,ma20_reclaim_bullish,159,159,True,0.6289,0.6289,0.0354,0.0354,-0.3649,-0.3649,False,54.0
NVDA,pullback_reclaim_5dma,72,72,True,0.5972,0.5972,0.0416,0.0416,-0.372,-0.372,False,49.7
NVDA,rsi_oversold_reclaim_40,205,205,True,0.5805,0.5805,0.0266,0.0266,-0.4496,-0.4496,False,46.4
NVDA,ma50_reclaim_bullish,123,123,True,0.5935,0.5935,0.02,0.02,-0.3463,-0.3463,False,45.6
NVDA,relative_strength_rebound,33,33,True,0.6667,0.6667,0.0523,0.0523,-0.331,-0.331,False,45.4
NVDA,failed_rebound_risk,723,723,True,0.5726,0.5726,0.0184,0.0184,-0.491,-0.491,False,43.0
QQQ,ma50_reclaim_bullish,143,143,True,0.7413,0.7413,0.0219,0.0219,-0.1975,-0.1975,True,64.1
QQQ,ma20_reclaim_bullish,180,180,True,0.6389,0.6389,0.013,0.013,-0.2395,-0.2395,True,48.6
QQQ,rsi_oversold_reclaim_40,245,245,True,0.6694,0.6694,0.0326,0.0326,-0.3182,-0.3182,False,57.1
QQQ,failed_rebound_risk,665,665,True,0.6556,0.6556,0.021,0.021,-0.3013,-0.3013,False,52.1
QQQ,momentum_leader,1027,1027,True,0.6426,0.6426,0.019,0.019,-0.2961,-0.2961,False,50.2
QQQ,relative_strength_rebound,2,2,False,0.5,0.5,0.0264,0.0264,-0.095,-0.095,False,18.3
QQQ,pullback_reclaim_5dma,8,8,False,0.5,0.5,-0.0325,-0.0325,-0.3162,-0.3162,False,3.0
SGOV,ma20_reclaim_bullish,73,73,True,0.6712,0.6712,0.0,0.0,-0.0002,-0.0002,False,59.5
SGOV,ma50_reclaim_bullish,36,36,True,0.6667,0.6667,0.0,0.0,-0.0002,-0.0002,False,45.2
SGOV,failed_rebound_risk,15,15,False,1.0,1.0,0.0001,0.0001,-0.0001,-0.0001,False,70.7
SGOV,pullback_reclaim_5dma,0,0,False,,,,,,,False,0.0
SGOV,rsi_oversold_reclaim_40,0,0,False,,,,,,,False,0.0
SGOV,relative_strength_rebound,0,0,False,,,,,,,False,0.0
SGOV,momentum_leader,0,0,False,,,,,,,False,0.0
SMH,ma50_reclaim_bullish,172,172,True,0.7035,0.7035,0.0238,0.0238,-0.2221,-0.2221,False,59.5
SMH,rsi_oversold_reclaim_40,197,197,True,0.6345,0.6345,0.0256,0.0256,-0.3085,-0.3085,False,51.4
SMH,failed_rebound_risk,687,687,True,0.6259,0.6259,0.0236,0.0236,-0.3087,-0.3087,False,50.0
SMH,pullback_reclaim_5dma,25,25,True,0.68,0.68,0.0535,0.0535,-0.2133,-0.2133,False,46.3
SMH,ma20_reclaim_bullish,202,202,True,0.5446,0.5446,0.0045,0.0045,-0.1875,-0.1875,False,39.6
SMH,relative_strength_rebound,0,0,False,,,,,,,False,0.0
SMH,momentum_leader,0,0,False,,,,,,,False,0.0
SOXX,ma50_reclaim_bullish,148,148,True,0.6757,0.6757,0.028,0.028,-0.2167,-0.2167,False,58.3
SOXX,rsi_oversold_reclaim_40,227,227,True,0.6696,0.6696,0.0346,0.0346,-0.3646,-0.3646,False,57.8
SOXX,failed_rebound_risk,700,700,True,0.6186,0.6186,0.0262,0.0262,-0.7767,-0.7767,False,50.0
SOXX,momentum_leader,919,919,True,0.6181,0.6181,0.018,0.018,-0.7897,-0.7897,False,47.4
SOXX,ma20_reclaim_bullish,192,192,True,0.526,0.526,0.0056,0.0056,-0.1955,-0.1955,False,37.6
SOXX,pullback_reclaim_5dma,33,33,True,0.6061,0.6061,0.0172,0.0172,-0.2049,-0.2049,False,31.1
SOXX,relative_strength_rebound,17,17,False,0.4706,0.4706,-0.0077,-0.0077,-0.2049,-0.2049,False,9.1
SPY,rsi_oversold_reclaim_40,257,257,True,0.716,0.716,0.0248,0.0248,-0.3266,-0.3266,False,59.3
SPY,momentum_leader,141,141,True,0.6738,0.6738,0.0173,0.0173,-0.1575,-0.1575,False,58.3
SPY,ma50_reclaim_bullish,139,139,True,0.6763,0.6763,0.0142,0.0142,-0.1692,-0.1692,False,56.9
SPY,failed_rebound_risk,628,628,True,0.6863,0.6863,0.0213,0.0213,-0.3189,-0.3189,False,55.3
SPY,ma20_reclaim_bullish,196,196,True,0.6429,0.6429,0.0103,0.0103,-0.1692,-0.1692,False,52.4
SPY,relative_strength_rebound,3,3,False,0.0,0.0,-0.0361,-0.0361,-0.1436,-0.1436,False,7.5
SPY,pullback_reclaim_5dma,2,2,False,0.0,0.0,-0.076,-0.076,-0.2895,-0.2895,False,0.8
TLT,ma50_reclaim_bullish,134,134,True,0.5373,0.5373,0.0091,0.0091,-0.0871,-0.0871,False,46.3
TLT,ma20_reclaim_bullish,171,171,True,0.5497,0.5497,0.0099,0.0099,-0.1519,-0.1519,False,43.9
TLT,failed_rebound_risk,825,825,True,0.5236,0.5236,0.0019,0.0019,-0.112,-0.112,False,41.2
TLT,rsi_oversold_reclaim_40,249,249,True,0.5141,0.5141,0.003,0.003,-0.1154,-0.1154,False,40.4
TLT,momentum_leader,379,379,True,0.5251,0.5251,0.0026,0.0026,-0.1519,-0.1519,False,39.2
TLT,relative_strength_rebound,1,1,False,1.0,1.0,0.001,0.001,-0.1519,-0.1519,False,56.6
TLT,pullback_reclaim_5dma,2,2,False,0.5,0.5,-0.0243,-0.0243,-0.1519,-0.1519,False,6.6
ADI,failed_rebound_risk,726,726,True,0.595,0.595,0.0188,0.0188,-0.2866,-0.2866,False,45.4
ADI,ma50_reclaim_bullish,183,183,True,0.5683,0.5683,0.0078,0.0078,-0.1915,-0.1915,False,42.8
ADI,ma20_reclaim_bullish,175,175,True,0.5371,0.5371,0.0065,0.0065,-0.1721,-0.1721,False,40.4
ADI,rsi_oversold_reclaim_40,214,214,True,0.5421,0.5421,0.0058,0.0058,-0.3332,-0.3332,False,36.0
ADI,momentum_leader,997,997,True,0.5095,0.5095,0.0022,0.0022,-0.2733,-0.2733,False,31.6
ADI,relative_strength_rebound,20,20,True,0.65,0.65,0.0281,0.0281,-0.2893,-0.2893,False,31.3
ADI,pullback_reclaim_5dma,27,27,True,0.5926,0.5926,0.0238,0.0238,-0.2893,-0.2893,False,26.8
ANET,momentum_leader,1093,1093,True,0.6112,0.6112,0.0271,0.0271,-0.3679,-0.3679,True,49.6
ANET,ma20_reclaim_bullish,82,82,True,0.622,0.622,0.0631,0.0631,-0.2543,-0.2543,False,61.9
ANET,rsi_oversold_reclaim_40,96,96,True,0.6771,0.6771,0.0367,0.0367,-0.2167,-0.2167,False,61.2
ANET,failed_rebound_risk,403,403,True,0.6203,0.6203,0.0432,0.0432,-0.2979,-0.2979,False,55.5
ANET,ma50_reclaim_bullish,65,65,True,0.6154,0.6154,0.0315,0.0315,-0.2299,-0.2299,False,47.0
ANET,pullback_reclaim_5dma,38,38,True,0.6316,0.6316,0.043,0.043,-0.3157,-0.3157,False,40.8
ANET,relative_strength_rebound,9,9,False,0.5556,0.5556,0.0257,0.0257,-0.2636,-0.2636,False,17.0
ARM,failed_rebound_risk,97,97,True,0.5258,0.5258,0.0083,0.0083,-0.4022,-0.4022,True,35.2
ARM,rsi_oversold_reclaim_40,25,25,True,0.76,0.76,0.1053,0.1053,-0.3409,-0.3409,False,68.3
ARM,momentum_leader,241,241,True,0.6224,0.6224,0.048,0.048,-0.4816,-0.4816,False,57.2
ARM,ma50_reclaim_bullish,8,8,False,0.75,0.75,0.0921,0.0921,-0.1401,-0.1401,False,63.4
ARM,relative_strength_rebound,8,8,False,0.625,0.625,0.1138,0.1138,-0.437,-0.437,False,51.1
ARM,pullback_reclaim_5dma,18,18,False,0.5556,0.5556,0.0472,0.0472,-0.3295,-0.3295,False,27.1
ARM,ma20_reclaim_bullish,16,16,False,0.5625,0.5625,0.0043,0.0043,-0.437,-0.437,False,13.6
ASML,failed_rebound_risk,730,730,True,0.637,0.637,0.0305,0.0305,-0.3414,-0.3414,True,53.2
ASML,relative_strength_rebound,26,26,True,0.8077,0.8077,0.0862,0.0862,-0.1934,-0.1934,False,70.9
ASML,ma50_reclaim_bullish,133,133,True,0.6466,0.6466,0.037,0.037,-0.3659,-0.3659,False,56.2
ASML,rsi_oversold_reclaim_40,229,229,True,0.5808,0.5808,0.0284,0.0284,-0.3659,-0.3659,False,47.0
ASML,momentum_leader,1440,1440,True,0.6007,0.6007,0.0207,0.0207,-0.3974,-0.3974,False,46.5
ASML,ma20_reclaim_bullish,129,129,True,0.5271,0.5271,0.0079,0.0079,-0.2288,-0.2288,False,36.5
ASML,pullback_reclaim_5dma,47,47,True,0.5745,0.5745,0.0284,0.0284,-0.3052,-0.3052,False,34.0
CRWD,momentum_leader,642,642,True,0.6028,0.6028,0.0385,0.0385,-0.486,-0.486,True,52.3
CRWD,pullback_reclaim_5dma,37,37,True,0.6486,0.6486,0.0693,0.0693,-0.3616,-0.3616,False,50.4
CRWD,failed_rebound_risk,242,242,True,0.5579,0.5579,0.0217,0.0217,-0.4756,-0.4756,False,42.6
CRWD,ma20_reclaim_bullish,36,36,True,0.6111,0.6111,0.0284,0.0284,-0.3436,-0.3436,False,33.5
CRWD,ma50_reclaim_bullish,30,30,True,0.5667,0.5667,0.0415,0.0415,-0.3116,-0.3116,False,30.9
CRWD,rsi_oversold_reclaim_40,76,76,True,0.4737,0.4737,-0.0055,-0.0055,-0.3518,-0.3518,False,28.5
CRWD,relative_strength_rebound,10,10,False,0.6,0.6,0.0291,0.0291,-0.3616,-0.3616,False,22.8
DDOG,momentum_leader,525,525,True,0.5829,0.5829,0.0301,0.0301,-0.3894,-0.3894,True,47.7
DDOG,rsi_oversold_reclaim_40,97,97,True,0.5464,0.5464,0.0225,0.0225,-0.2909,-0.2909,False,41.7
DDOG,failed_rebound_risk,252,252,True,0.5317,0.5317,0.008,0.008,-0.3678,-0.3678,False,35.7
DDOG,ma20_reclaim_bullish,35,35,True,0.5714,0.5714,0.0371,0.0371,-0.3894,-0.3894,False,31.9
DDOG,pullback_reclaim_5dma,54,54,True,0.5185,0.5185,0.0135,0.0135,-0.3038,-0.3038,False,26.3
DDOG,ma50_reclaim_bullish,35,35,True,0.2286,0.2286,-0.0479,-0.0479,-0.3362,-0.3362,False,13.1
DDOG,relative_strength_rebound,22,22,True,0.4091,0.4091,-0.0274,-0.0274,-0.2876,-0.2876,False,8.2
IGM,ma50_reclaim_bullish,147,147,True,0.6735,0.6735,0.0242,0.0242,-0.2701,-0.2701,False,54.9
IGM,momentum_leader,1110,1110,True,0.6694,0.6694,0.0231,0.0231,-0.3558,-0.3558,False,54.2
IGM,rsi_oversold_reclaim_40,239,239,True,0.6485,0.6485,0.0281,0.0281,-0.3039,-0.3039,False,53.6
IGM,failed_rebound_risk,646,646,True,0.6548,0.6548,0.0221,0.0221,-0.3338,-0.3338,False,52.4
IGM,ma20_reclaim_bullish,183,183,True,0.6066,0.6066,0.0115,0.0115,-0.2787,-0.2787,False,44.3
IGM,relative_strength_rebound,6,6,False,0.8333,0.8333,0.0475,0.0475,-0.2155,-0.2155,False,52.5
IGM,pullback_reclaim_5dma,12,12,False,0.75,0.75,0.0475,0.0475,-0.2155,-0.2155,False,46.4
IGV,ma50_reclaim_bullish,145,145,True,0.6828,0.6828,0.0245,0.0245,-0.2056,-0.2056,False,58.6
IGV,failed_rebound_risk,720,720,True,0.6569,0.6569,0.0204,0.0204,-0.594,-0.594,False,52.1
IGV,rsi_oversold_reclaim_40,252,252,True,0.623,0.623,0.0252,0.0252,-0.3335,-0.3335,False,50.2
IGV,ma20_reclaim_bullish,194,194,True,0.6134,0.6134,0.0145,0.0145,-0.2056,-0.2056,False,48.5
IGV,momentum_leader,917,917,True,0.5932,0.5932,0.0128,0.0128,-0.3391,-0.3391,False,43.3
IGV,pullback_reclaim_5dma,20,20,True,0.7,0.7,0.0284,0.0284,-0.1635,-0.1635,False,41.6
IGV,relative_strength_rebound,8,8,False,0.75,0.75,0.0445,0.0445,-0.1853,-0.1853,False,45.8
KLAC,failed_rebound_risk,714,714,True,0.6064,0.6064,0.0248,0.0248,-0.425,-0.425,True,48.4
KLAC,rsi_oversold_reclaim_40,204,204,True,0.6324,0.6324,0.0434,0.0434,-0.4637,-0.4637,False,56.8
KLAC,ma50_reclaim_bullish,132,132,True,0.6439,0.6439,0.032,0.032,-0.2127,-0.2127,False,56.6
KLAC,pullback_reclaim_5dma,45,45,True,0.7333,0.7333,0.0325,0.0325,-0.3135,-0.3135,False,50.4
KLAC,relative_strength_rebound,28,28,True,0.7857,0.7857,0.0302,0.0302,-0.242,-0.242,False,49.0
KLAC,momentum_leader,1366,1366,True,0.5893,0.5893,0.0197,0.0197,-0.2738,-0.2738,False,45.1
KLAC,ma20_reclaim_bullish,159,159,True,0.5912,0.5912,0.0154,0.0154,-0.247,-0.247,False,44.1
LRCX,failed_rebound_risk,743,743,True,0.5989,0.5989,0.0265,0.0265,-0.3963,-0.3963,True,48.2
LRCX,relative_strength_rebound,22,22,True,0.8182,0.8182,0.0871,0.0871,-0.1403,-0.1403,False,73.9
LRCX,ma50_reclaim_bullish,127,127,True,0.6614,0.6614,0.0378,0.0378,-0.2353,-0.2353,False,58.8
LRCX,rsi_oversold_reclaim_40,226,226,True,0.6372,0.6372,0.0285,0.0285,-0.4106,-0.4106,False,52.6
LRCX,pullback_reclaim_5dma,52,52,True,0.6731,0.6731,0.0409,0.0409,-0.4528,-0.4528,False,49.6
LRCX,ma20_reclaim_bullish,137,137,True,0.5839,0.5839,0.0311,0.0311,-0.3308,-0.3308,False,48.1
LRCX,momentum_leader,1565,1565,True,0.5272,0.5272,0.0061,0.0061,-0.4567,-0.4567,False,34.6
NOW,ma50_reclaim_bullish,84,84,True,0.6548,0.6548,0.0462,0.0462,-0.2696,-0.2696,False,59.9
NOW,ma20_reclaim_bullish,111,111,True,0.6126,0.6126,0.0301,0.0301,-0.3076,-0.3076,False,50.7
NOW,failed_rebound_risk,455,455,True,0.5736,0.5736,0.0248,0.0248,-0.4112,-0.4112,False,45.1
NOW,rsi_oversold_reclaim_40,117,117,True,0.5641,0.5641,0.0236,0.0236,-0.4321,-0.4321,False,43.8
NOW,pullback_reclaim_5dma,58,58,True,0.569,0.569,0.0277,0.0277,-0.2928,-0.2928,False,37.3
NOW,momentum_leader,1106,1106,True,0.5434,0.5434,0.0095,0.0095,-0.3321,-0.3321,False,37.3
NOW,relative_strength_rebound,27,27,True,0.4815,0.4815,-0.0209,-0.0209,-0.4321,-0.4321,False,10.1
ORCL,rsi_oversold_reclaim_40,238,238,True,0.6471,0.6471,0.0327,0.0327,-0.2587,-0.2587,False,54.9
ORCL,ma50_reclaim_bullish,141,141,True,0.5957,0.5957,0.0132,0.0132,-0.2491,-0.2491,False,43.7
ORCL,failed_rebound_risk,753,753,True,0.591,0.591,0.0136,0.0136,-0.3274,-0.3274,False,43.3
ORCL,ma20_reclaim_bullish,178,178,True,0.5618,0.5618,0.0111,0.0111,-0.3375,-0.3375,False,39.6
ORCL,momentum_leader,1188,1188,True,0.537,0.537,0.0059,0.0059,-0.414,-0.414,False,35.5
ORCL,pullback_reclaim_5dma,34,34,True,0.5,0.5,-0.0076,-0.0076,-0.2587,-0.2587,False,12.8
ORCL,relative_strength_rebound,13,13,False,0.4615,0.4615,-0.0203,-0.0203,-0.2016,-0.2016,False,7.8
PANW,momentum_leader,1132,1132,True,0.5945,0.5945,0.0196,0.0196,-0.3008,-0.3008,True,45.6
PANW,rsi_oversold_reclaim_40,176,176,True,0.6932,0.6932,0.0521,0.0521,-0.2621,-0.2621,False,65.6
PANW,ma20_reclaim_bullish,102,102,True,0.6667,0.6667,0.0371,0.0371,-0.2733,-0.2733,False,58.3
PANW,failed_rebound_risk,487,487,True,0.5934,0.5934,0.026,0.026,-0.4837,-0.4837,False,47.5
PANW,ma50_reclaim_bullish,71,71,True,0.5493,0.5493,0.0246,0.0246,-0.2971,-0.2971,False,39.2
PANW,pullback_reclaim_5dma,40,40,True,0.575,0.575,0.0311,0.0311,-0.2445,-0.2445,False,32.5
PANW,relative_strength_rebound,17,17,False,0.5294,0.5294,0.0474,0.0474,-0.2445,-0.2445,False,24.5
PLTR,rsi_oversold_reclaim_40,57,57,True,0.6316,0.6316,0.0855,0.0855,-0.4135,-0.4135,False,61.3
PLTR,failed_rebound_risk,215,215,True,0.5814,0.5814,0.0389,0.0389,-0.4815,-0.4815,False,50.3
PLTR,momentum_leader,470,470,True,0.534,0.534,0.0177,0.0177,-0.4713,-0.4713,False,38.9
PLTR,ma20_reclaim_bullish,24,24,True,0.5417,0.5417,0.029,0.029,-0.2378,-0.2378,False,23.0
PLTR,pullback_reclaim_5dma,43,43,True,0.4186,0.4186,-0.0504,-0.0504,-0.3043,-0.3043,False,16.1
PLTR,ma50_reclaim_bullish,27,27,True,0.4815,0.4815,-0.0018,-0.0018,-0.2937,-0.2937,False,10.1
PLTR,relative_strength_rebound,14,14,False,0.7143,0.7143,0.0962,0.0962,-0.3041,-0.3041,False,56.7
TSLA,momentum_leader,1312,1312,True,0.5968,0.5968,0.0334,0.0334,-0.6179,-0.6179,False,50.1
TSLA,failed_rebound_risk,591,591,True,0.5279,0.5279,0.0127,0.0127,-0.4838,-0.4838,False,36.8
TSLA,pullback_reclaim_5dma,104,104,True,0.5192,0.5192,0.0098,0.0098,-0.5298,-0.5298,False,35.0
TSLA,rsi_oversold_reclaim_40,192,192,True,0.5052,0.5052,0.0011,0.0011,-0.4441,-0.4441,False,30.9
TSLA,ma20_reclaim_bullish,90,90,True,0.4111,0.4111,-0.0404,-0.0404,-0.3144,-0.3144,False,30.0
TSLA,ma50_reclaim_bullish,86,86,True,0.5,0.5,-0.0022,-0.0022,-0.3486,-0.3486,False,30.0
TSLA,relative_strength_rebound,50,50,True,0.46,0.46,-0.0287,-0.0287,-0.5298,-0.5298,False,18.8
TSM,ma20_reclaim_bullish,163,163,True,0.6012,0.6012,0.0235,0.0235,-0.2394,-0.2394,False,48.1
TSM,momentum_leader,1229,1229,True,0.6111,0.6111,0.0189,0.0189,-0.3009,-0.3009,False,47.0
TSM,failed_rebound_risk,730,730,True,0.5658,0.5658,0.0163,0.0163,-0.2862,-0.2862,False,41.7
TSM,ma50_reclaim_bullish,126,126,True,0.5397,0.5397,0.0156,0.0156,-0.2796,-0.2796,False,38.8
TSM,rsi_oversold_reclaim_40,204,204,True,0.5441,0.5441,0.0072,0.0072,-0.2942,-0.2942,False,36.7
TSM,relative_strength_rebound,27,27,True,0.6667,0.6667,0.021,0.021,-0.2179,-0.2179,False,35.3
TSM,pullback_reclaim_5dma,40,40,True,0.6,0.6,0.0094,0.0094,-0.2179,-0.2179,False,29.9
VGT,ma50_reclaim_bullish,143,143,True,0.6643,0.6643,0.0256,0.0256,-0.2933,-0.2933,False,54.4
VGT,rsi_oversold_reclaim_40,250,250,True,0.656,0.656,0.0263,0.0263,-0.3069,-0.3069,False,53.8
VGT,momentum_leader,1124,1124,True,0.669,0.669,0.0205,0.0205,-0.3277,-0.3277,False,53.3
VGT,failed_rebound_risk,659,659,True,0.6388,0.6388,0.0196,0.0196,-0.306,-0.306,False,50.0
VGT,ma20_reclaim_bullish,168,168,True,0.619,0.619,0.0082,0.0082,-0.2924,-0.2924,False,44.5
VGT,pullback_reclaim_5dma,12,12,False,0.75,0.75,0.0358,0.0358,-0.2133,-0.2133,False,42.9
VGT,relative_strength_rebound,7,7,False,0.7143,0.7143,0.0262,0.0262,-0.2133,-0.2133,False,34.4
XLK,failed_rebound_risk,640,640,True,0.6516,0.6516,0.02,0.02,-0.2933,-0.2933,True,51.4
XLK,ma50_reclaim_bullish,153,153,True,0.7124,0.7124,0.0226,0.0226,-0.2679,-0.2679,False,58.3
XLK,momentum_leader,985,985,True,0.6761,0.6761,0.0206,0.0206,-0.3164,-0.3164,False,54.0
XLK,rsi_oversold_reclaim_40,261,261,True,0.6398,0.6398,0.0203,0.0203,-0.3083,-0.3083,False,50.3
XLK,ma20_reclaim_bullish,185,185,True,0.6216,0.6216,0.0077,0.0077,-0.2679,-0.2679,False,44.6
XLK,relative_strength_rebound,6,6,False,1.0,1.0,0.0444,0.0444,-0.1868,-0.1868,False,69.9
XLK,pullback_reclaim_5dma,11,11,False,0.7273,0.7273,0.0246,0.0246,-0.1868,-0.1868,False,38.3
AMAT,pullback_reclaim_5dma,38,38,True,0.6316,0.6316,0.0451,0.0451,-0.247,-0.247,True,41.7
AMAT,rsi_oversold_reclaim_40,261,261,True,0.5632,0.5632,0.0237,0.0237,-0.6403,-0.6403,False,43.7
AMAT,ma50_reclaim_bullish,131,131,True,0.542,0.542,0.01,0.01,-0.1876,-0.1876,False,41.1
AMAT,momentum_leader,1362,1362,True,0.5587,0.5587,0.0166,0.0166,-0.6627,-0.6627,False,41.1
AMAT,failed_rebound_risk,780,780,True,0.5487,0.5487,0.0114,0.0114,-0.6601,-0.6601,False,38.4
AMAT,ma20_reclaim_bullish,152,152,True,0.5395,0.5395,0.0078,0.0078,-0.6627,-0.6627,False,36.4
AMAT,relative_strength_rebound,14,14,False,0.6429,0.6429,0.1088,0.1088,-0.247,-0.247,True,53.7
AMD,momentum_leader,1578,1578,True,0.5469,0.5469,0.0214,0.0214,-0.4822,-0.4822,True,41.4
AMD,ma20_reclaim_bullish,106,106,True,0.5189,0.5189,0.0013,0.0013,-0.3636,-0.3636,True,32.3
AMD,ma50_reclaim_bullish,94,94,True,0.5638,0.5638,0.0183,0.0183,-0.4262,-0.4262,False,42.1
AMD,relative_strength_rebound,39,39,True,0.5897,0.5897,0.0502,0.0502,-0.3794,-0.3794,False,39.3
AMD,pullback_reclaim_5dma,109,109,True,0.5046,0.5046,0.0035,0.0035,-0.4612,-0.4612,False,31.6
AMD,rsi_oversold_reclaim_40,235,235,True,0.4851,0.4851,-0.0068,-0.0068,-0.5737,-0.5737,False,30.0
AMD,failed_rebound_risk,846,846,True,0.4988,0.4988,0.0,0.0,-0.4653,-0.4653,False,30.0
CEG,rsi_oversold_reclaim_40,50,50,True,0.48,0.48,-0.0043,-0.0043,-0.2942,-0.2942,True,18.8
CEG,failed_rebound_risk,152,152,True,0.6316,0.6316,0.0488,0.0488,-0.3668,-0.3668,False,58.4
CEG,momentum_leader,341,341,True,0.6041,0.6041,0.0253,0.0253,-0.3912,-0.3912,False,48.3
CEG,ma20_reclaim_bullish,27,27,True,0.6296,0.6296,0.047,0.047,-0.3826,-0.3826,False,37.8
CEG,ma50_reclaim_bullish,29,29,True,0.5172,0.5172,0.0032,0.0032,-0.2658,-0.2658,False,13.6
CEG,pullback_reclaim_5dma,23,23,True,0.4348,0.4348,-0.0071,-0.0071,-0.2508,-0.2508,False,8.6
CEG,relative_strength_rebound,10,10,False,0.2,0.2,-0.0514,-0.0514,-0.2358,-0.2358,False,4.6
ETN,ma50_reclaim_bullish,138,138,True,0.6522,0.6522,0.0227,0.0227,-0.4195,-0.4195,True,52.3
ETN,ma20_reclaim_bullish,150,150,True,0.6667,0.6667,0.0245,0.0245,-0.311,-0.311,False,54.3
ETN,rsi_oversold_reclaim_40,217,217,True,0.5991,0.5991,0.0276,0.0276,-0.4195,-0.4195,False,48.5
ETN,momentum_leader,1605,1605,True,0.5639,0.5639,0.0134,0.0134,-0.4359,-0.4359,False,40.6
ETN,failed_rebound_risk,743,743,True,0.5572,0.5572,0.0114,0.0114,-0.4396,-0.4396,False,39.3
ETN,pullback_reclaim_5dma,26,26,True,0.5385,0.5385,0.0134,0.0134,-0.4047,-0.4047,False,17.8
ETN,relative_strength_rebound,11,11,False,0.5455,0.5455,0.0018,0.0018,-0.4047,-0.4047,False,9.2
IYW,ma20_reclaim_bullish,179,179,True,0.6089,0.6089,0.0116,0.0116,-0.3119,-0.3119,True,44.5
IYW,momentum_leader,1123,1123,True,0.667,0.667,0.0214,0.0214,-0.3964,-0.3964,False,53.4
IYW,rsi_oversold_reclaim_40,258,258,True,0.6279,0.6279,0.0268,0.0268,-0.325,-0.325,False,51.2
IYW,failed_rebound_risk,668,668,True,0.6452,0.6452,0.0205,0.0205,-0.3649,-0.3649,False,50.9
IYW,ma50_reclaim_bullish,146,146,True,0.6507,0.6507,0.0161,0.0161,-0.39,-0.39,False,50.1
IYW,relative_strength_rebound,5,5,False,0.8,0.8,0.0471,0.0471,-0.2142,-0.2142,False,48.7
IYW,pullback_reclaim_5dma,10,10,False,0.8,0.8,0.0416,0.0416,-0.3254,-0.3254,False,46.8
MRVL,relative_strength_rebound,28,28,True,0.7143,0.7143,0.0885,0.0885,-0.248,-0.248,False,59.7
MRVL,ma20_reclaim_bullish,152,152,True,0.6316,0.6316,0.0347,0.0347,-0.3848,-0.3848,False,54.0
MRVL,pullback_reclaim_5dma,73,73,True,0.589,0.589,0.0259,0.0259,-0.4067,-0.4067,False,44.4
MRVL,momentum_leader,1457,1457,True,0.5752,0.5752,0.0165,0.0165,-0.3713,-0.3713,False,42.7
MRVL,failed_rebound_risk,797,797,True,0.5245,0.5245,0.0089,0.0089,-0.4216,-0.4216,False,35.2
MRVL,rsi_oversold_reclaim_40,286,286,True,0.4965,0.4965,-0.0009,-0.0009,-0.3913,-0.3913,False,30.0
MRVL,ma50_reclaim_bullish,101,101,True,0.4356,0.4356,-0.0156,-0.0156,-0.4357,-0.4357,False,30.0
MU,pullback_reclaim_5dma,91,91,True,0.6264,0.6264,0.0441,0.0441,-0.5902,-0.5902,False,56.4
MU,ma50_reclaim_bullish,90,90,True,0.6,0.6,0.0246,0.0246,-0.2675,-0.2675,False,47.7
MU,momentum_leader,1592,1592,True,0.5886,0.5886,0.0283,0.0283,-0.6807,-0.6807,False,47.7
MU,ma20_reclaim_bullish,140,140,True,0.5786,0.5786,0.0295,0.0295,-0.3886,-0.3886,False,47.1
MU,failed_rebound_risk,836,836,True,0.5275,0.5275,0.0134,0.0134,-0.5737,-0.5737,False,36.9
MU,rsi_oversold_reclaim_40,217,217,True,0.4516,0.4516,-0.0084,-0.0084,-0.437,-0.437,False,30.0
MU,relative_strength_rebound,42,42,True,0.5,0.5,-0.0018,-0.0018,-0.5902,-0.5902,False,15.8
NET,momentum_leader,572,572,True,0.5874,0.5874,0.027,0.027,-0.5807,-0.5807,True,47.2
NET,ma20_reclaim_bullish,56,56,True,0.75,0.75,0.068,0.068,-0.5807,-0.5807,False,67.2
NET,failed_rebound_risk,229,229,True,0.5983,0.5983,0.046,0.046,-0.5284,-0.5284,False,54.2
NET,pullback_reclaim_5dma,45,45,True,0.6444,0.6444,0.0245,0.0245,-0.5523,-0.5523,False,39.0
NET,rsi_oversold_reclaim_40,64,64,True,0.5781,0.5781,0.0127,0.0127,-0.4234,-0.4234,False,35.8
NET,ma50_reclaim_bullish,35,35,True,0.4571,0.4571,-0.0091,-0.0091,-0.3246,-0.3246,False,13.1
NET,relative_strength_rebound,16,16,False,0.4375,0.4375,-0.0089,-0.0089,-0.5523,-0.5523,False,6.0
NRG,ma20_reclaim_bullish,139,139,True,0.6187,0.6187,0.0222,0.0222,-0.3078,-0.3078,False,48.8
NRG,pullback_reclaim_5dma,57,57,True,0.6316,0.6316,0.0444,0.0444,-0.5296,-0.5296,False,48.4
NRG,rsi_oversold_reclaim_40,264,264,True,0.6023,0.6023,0.0218,0.0218,-0.569,-0.569,False,47.0
NRG,relative_strength_rebound,27,27,True,0.7037,0.7037,0.0394,0.0394,-0.3189,-0.3189,False,42.8
NRG,momentum_leader,1491,1491,True,0.5687,0.5687,0.0172,0.0172,-0.3606,-0.3606,False,42.2
NRG,failed_rebound_risk,810,810,True,0.5519,0.5519,0.0153,0.0153,-0.5158,-0.5158,False,40.0
NRG,ma50_reclaim_bullish,116,116,True,0.4914,0.4914,-0.001,-0.001,-0.2782,-0.2782,False,30.0
PWR,rsi_oversold_reclaim_40,197,197,True,0.7157,0.7157,0.0324,0.0324,-0.4767,-0.4767,False,61.7
PWR,failed_rebound_risk,709,709,True,0.6559,0.6559,0.0296,0.0296,-0.4156,-0.4156,False,54.8
PWR,ma20_reclaim_bullish,159,159,True,0.6101,0.6101,0.0186,0.0186,-0.2523,-0.2523,False,46.8
PWR,momentum_leader,1723,1723,True,0.6019,0.6019,0.0187,0.0187,-0.3107,-0.3107,False,46.0
PWR,ma50_reclaim_bullish,111,111,True,0.5856,0.5856,0.0132,0.0132,-0.4717,-0.4717,False,42.7
PWR,pullback_reclaim_5dma,50,50,True,0.62,0.62,0.0228,0.0228,-0.4395,-0.4395,False,37.9
PWR,relative_strength_rebound,18,18,False,0.8333,0.8333,0.0617,0.0617,-0.1518,-0.1518,False,65.3
SNOW,momentum_leader,386,386,True,0.5415,0.5415,0.0104,0.0104,-0.3527,-0.3527,True,37.4
SNOW,failed_rebound_risk,222,222,True,0.5631,0.5631,0.0216,0.0216,-0.3999,-0.3999,False,43.1
SNOW,ma20_reclaim_bullish,25,25,True,0.6,0.6,0.0427,0.0427,-0.3286,-0.3286,False,32.7
SNOW,rsi_oversold_reclaim_40,93,93,True,0.4086,0.4086,-0.038,-0.038,-0.3964,-0.3964,False,30.0
SNOW,pullback_reclaim_5dma,39,39,True,0.5385,0.5385,0.0218,0.0218,-0.3902,-0.3902,False,25.3
SNOW,ma50_reclaim_bullish,15,15,False,0.2,0.2,-0.0679,-0.0679,-0.2401,-0.2401,False,6.2
SNOW,relative_strength_rebound,16,16,False,0.4375,0.4375,-0.0286,-0.0286,-0.3902,-0.3902,False,6.0
VRT,pullback_reclaim_5dma,34,34,True,0.5588,0.5588,0.0578,0.0578,-0.554,-0.554,True,36.7
VRT,momentum_leader,715,715,True,0.6909,0.6909,0.0685,0.0685,-0.6346,-0.6346,False,70.5
VRT,ma20_reclaim_bullish,76,76,True,0.7105,0.7105,0.008,0.008,-0.2181,-0.2181,False,54.0
VRT,failed_rebound_risk,223,223,True,0.6278,0.6278,0.0327,0.0327,-0.6144,-0.6144,False,53.0
VRT,ma50_reclaim_bullish,38,38,True,0.6579,0.6579,0.0382,0.0382,-0.3949,-0.3949,False,42.0
VRT,rsi_oversold_reclaim_40,56,56,True,0.5714,0.5714,0.0289,0.0289,-0.5721,-0.5721,False,37.2
VRT,relative_strength_rebound,16,16,False,0.4375,0.4375,-0.0195,-0.0195,-0.554,-0.554,True,6.0
ARKK,momentum_leader,891,891,True,0.6296,0.6296,0.0268,0.0268,-0.4534,-0.4534,True,51.3
ARKK,failed_rebound_risk,424,424,True,0.6014,0.6014,0.0256,0.0256,-0.405,-0.405,False,48.1
ARKK,ma20_reclaim_bullish,90,90,True,0.6,0.6,0.0226,0.0226,-0.2514,-0.2514,False,47.1
ARKK,rsi_oversold_reclaim_40,149,149,True,0.5906,0.5906,0.0157,0.0157,-0.3404,-0.3404,False,44.0
ARKK,ma50_reclaim_bullish,45,45,True,0.5778,0.5778,0.0214,0.0214,-0.3977,-0.3977,False,31.3
ARKK,pullback_reclaim_5dma,33,33,True,0.6061,0.6061,0.0184,0.0184,-0.2998,-0.2998,False,28.7
ARKK,relative_strength_rebound,8,8,False,0.25,0.25,-0.0246,-0.0246,-0.1977,-0.1977,False,6.1
COIN,momentum_leader,346,346,True,0.4277,0.4277,-0.0388,-0.0388,-0.4589,-0.4589,False,30.0
COIN,failed_rebound_risk,248,248,True,0.4395,0.4395,-0.0312,-0.0312,-0.7228,-0.7228,False,30.0
COIN,rsi_oversold_reclaim_40,53,53,True,0.3208,0.3208,-0.1117,-0.1117,-0.4202,-0.4202,False,19.9
COIN,pullback_reclaim_5dma,46,46,True,0.3478,0.3478,-0.1152,-0.1152,-0.6635,-0.6635,False,17.2
COIN,ma50_reclaim_bullish,27,27,True,0.3704,0.3704,-0.0375,-0.0375,-0.4068,-0.4068,False,10.1
COIN,ma20_reclaim_bullish,26,26,True,0.3846,0.3846,-0.063,-0.063,-0.4589,-0.4589,False,9.8
COIN,relative_strength_rebound,18,18,False,0.4444,0.4444,-0.0748,-0.0748,-0.3883,-0.3883,False,6.8
GRID,failed_rebound_risk,579,579,True,0.6149,0.6149,0.0176,0.0176,-0.36,-0.36,True,47.0
GRID,ma50_reclaim_bullish,112,112,True,0.6964,0.6964,0.0178,0.0178,-0.3695,-0.3695,False,55.2
GRID,rsi_oversold_reclaim_40,203,203,True,0.6502,0.6502,0.0203,0.0203,-0.2061,-0.2061,False,54.0
GRID,ma20_reclaim_bullish,147,147,True,0.5374,0.5374,0.0032,0.0032,-0.2114,-0.2114,False,37.1
GRID,momentum_leader,860,860,True,0.5488,0.5488,0.0069,0.0069,-0.4163,-0.4163,False,37.0
GRID,pullback_reclaim_5dma,12,12,False,0.3333,0.3333,-0.0372,-0.0372,-0.3541,-0.3541,False,4.5
GRID,relative_strength_rebound,3,3,False,0.3333,0.3333,-0.0098,-0.0098,-0.3541,-0.3541,False,1.1
MDB,failed_rebound_risk,338,338,True,0.6864,0.6864,0.0695,0.0695,-0.4326,-0.4326,False,70.4
MDB,ma20_reclaim_bullish,53,53,True,0.6792,0.6792,0.0531,0.0531,-0.4798,-0.4798,False,54.4
MDB,rsi_oversold_reclaim_40,110,110,True,0.5818,0.5818,0.0288,0.0288,-0.3914,-0.3914,False,47.2
MDB,ma50_reclaim_bullish,45,45,True,0.6444,0.6444,0.0498,0.0498,-0.3849,-0.3849,False,46.9
MDB,pullback_reclaim_5dma,46,46,True,0.587,0.587,0.0337,0.0337,-0.4188,-0.4188,False,36.5
MDB,momentum_leader,726,726,True,0.4917,0.4917,-0.0018,-0.0018,-0.4798,-0.4798,False,30.0
MDB,relative_strength_rebound,19,19,False,0.6842,0.6842,0.0741,0.0741,-0.4188,-0.4188,False,48.7
USMV,rsi_oversold_reclaim_40,142,142,True,0.8592,0.8592,0.0234,0.0234,-0.311,-0.311,False,73.2
USMV,failed_rebound_risk,376,376,True,0.7021,0.7021,0.0181,0.0181,-0.3691,-0.3691,False,55.9
USMV,ma20_reclaim_bullish,157,157,True,0.6497,0.6497,0.007,0.007,-0.3647,-0.3647,False,47.2
USMV,ma50_reclaim_bullish,112,112,True,0.6339,0.6339,0.009,0.009,-0.3647,-0.3647,False,46.2
USMV,momentum_leader,70,70,True,0.5286,0.5286,0.0016,0.0016,-0.1015,-0.1015,False,38.5
USMV,pullback_reclaim_5dma,4,4,False,0.75,0.75,0.0339,0.0339,-0.2925,-0.2925,False,37.1
USMV,relative_strength_rebound,3,3,False,0.6667,0.6667,0.0283,0.0283,-0.2925,-0.2925,False,26.6
XLP,rsi_oversold_reclaim_40,213,213,True,0.7089,0.7089,0.0207,0.0207,-0.2417,-0.2417,False,57.9
XLP,failed_rebound_risk,640,640,True,0.675,0.675,0.0147,0.0147,-0.2409,-0.2409,False,52.6
XLP,ma20_reclaim_bullish,237,237,True,0.6329,0.6329,0.011,0.011,-0.2297,-0.2297,False,47.9
XLP,ma50_reclaim_bullish,172,172,True,0.6395,0.6395,0.0094,0.0094,-0.2417,-0.2417,False,47.4
XLP,momentum_leader,211,211,True,0.5261,0.5261,0.0021,0.0021,-0.1322,-0.1322,False,40.3
XLP,pullback_reclaim_5dma,3,3,False,0.6667,0.6667,0.0407,0.0407,-0.1622,-0.1622,False,35.8
XLP,relative_strength_rebound,4,4,False,0.5,0.5,0.0067,0.0067,-0.1622,-0.1622,False,8.9
XLU,rsi_oversold_reclaim_40,214,214,True,0.6589,0.6589,0.0148,0.0148,-0.3612,-0.3612,False,50.5
XLU,failed_rebound_risk,677,677,True,0.6145,0.6145,0.0133,0.0133,-0.3549,-0.3549,False,45.6
XLU,ma50_reclaim_bullish,160,160,True,0.6188,0.6188,0.0102,0.0102,-0.3612,-0.3612,False,45.1
XLU,ma20_reclaim_bullish,220,220,True,0.5682,0.5682,0.0074,0.0074,-0.3612,-0.3612,False,39.1
XLU,momentum_leader,543,543,True,0.5157,0.5157,0.0025,0.0025,-0.2327,-0.2327,False,33.4
XLU,pullback_reclaim_5dma,10,10,False,0.6,0.6,0.0267,0.0267,-0.3333,-0.3333,False,22.1
XLU,relative_strength_rebound,5,5,False,0.6,0.6,0.0275,0.0275,-0.325,-0.325,False,20.5
XLV,momentum_leader,437,437,True,0.6087,0.6087,0.0087,0.0087,-0.2007,-0.2007,True,46.5
XLV,failed_rebound_risk,676,676,True,0.645,0.645,0.0162,0.0162,-0.2737,-0.2737,False,49.6
XLV,ma50_reclaim_bullish,140,140,True,0.6357,0.6357,0.0141,0.0141,-0.2562,-0.2562,False,48.0
XLV,ma20_reclaim_bullish,193,193,True,0.5959,0.5959,0.0086,0.0086,-0.2562,-0.2562,False,42.3
XLV,rsi_oversold_reclaim_40,220,220,True,0.5545,0.5545,0.0081,0.0081,-0.2689,-0.2689,False,38.0
XLV,pullback_reclaim_5dma,4,4,False,0.75,0.75,0.076,0.076,-0.0378,-0.0378,False,63.0
XLV,relative_strength_rebound,5,5,False,0.6,0.6,0.0027,0.0027,-0.0632,-0.0632,False,23.9
COST,rsi_oversold_reclaim_40,211,211,True,0.5972,0.5972,0.0158,0.0158,-0.2533,-0.2533,True,44.7
COST,failed_rebound_risk,704,704,True,0.6534,0.6534,0.0202,0.0202,-0.2878,-0.2878,False,51.7
COST,momentum_leader,1146,1146,True,0.6056,0.6056,0.0132,0.0132,-0.2954,-0.2954,False,44.7
COST,ma20_reclaim_bullish,199,199,True,0.5678,0.5678,0.0101,0.0101,-0.2525,-0.2525,False,39.9
COST,ma50_reclaim_bullish,145,145,True,0.5241,0.5241,0.0064,0.0064,-0.2525,-0.2525,False,34.4
COST,pullback_reclaim_5dma,14,14,False,0.6429,0.6429,0.0524,0.0524,-0.2767,-0.2767,False,35.9
COST,relative_strength_rebound,8,8,False,0.5,0.5,0.0223,0.0223,-0.2767,-0.2767,False,10.0
ESTC,rsi_oversold_reclaim_40,105,105,True,0.6095,0.6095,0.0347,0.0347,-0.4718,-0.4718,False,51.8
ESTC,failed_rebound_risk,300,300,True,0.5533,0.5533,0.0248,0.0248,-0.4103,-0.4103,False,43.1
ESTC,momentum_leader,526,526,True,0.443,0.443,-0.0182,-0.0182,-0.4718,-0.4718,False,30.0
ESTC,pullback_reclaim_5dma,42,42,True,0.5238,0.5238,0.0111,0.0111,-0.3829,-0.3829,False,21.6
ESTC,ma20_reclaim_bullish,48,48,True,0.4792,0.4792,-0.0167,-0.0167,-0.4603,-0.4603,False,18.0
ESTC,ma50_reclaim_bullish,23,23,True,0.4348,0.4348,-0.0292,-0.0292,-0.3009,-0.3009,False,8.6
ESTC,relative_strength_rebound,17,17,False,0.6471,0.6471,0.0713,0.0713,-0.3829,-0.3829,False,43.4
HOOD,momentum_leader,404,404,True,0.604,0.604,0.0456,0.0456,-0.4603,-0.4603,True,54.6
HOOD,pullback_reclaim_5dma,31,31,True,0.6129,0.6129,0.0672,0.0672,-0.3943,-0.3943,False,43.9
HOOD,failed_rebound_risk,199,199,True,0.4422,0.4422,-0.0169,-0.0169,-0.4718,-0.4718,False,30.0
HOOD,rsi_oversold_reclaim_40,63,63,True,0.4603,0.4603,-0.0249,-0.0249,-0.4581,-0.4581,False,23.6
HOOD,ma20_reclaim_bullish,24,24,True,0.4583,0.4583,-0.0354,-0.0354,-0.416,-0.416,False,9.0
HOOD,ma50_reclaim_bullish,18,18,False,0.7222,0.7222,0.167,0.167,-0.2788,-0.2788,False,81.2
HOOD,relative_strength_rebound,13,13,False,0.7692,0.7692,0.0756,0.0756,-0.3244,-0.3244,False,55.4
