ticker,strategy,engine,execution_assumption,tested_entry_rule,tested_risk_rule,sample_count,executed_entry_count,lookback_start,lookback_end,forward_horizon,valid,min_sample_required,description,strategy_total_return,strategy_cagr,strategy_sharpe,strategy_max_drawdown,strategy_worst_day,strategy_best_day,buy_hold_return_same_window,alpha_vs_buy_hold,trade_count,trade_win_rate,avg_trade_return,median_trade_return,worst_trade_return,best_trade_return,latest_entry_signal_active,latest_exit_signal_active,latest_position_active,reason
COIN,pullback_reclaim_5dma,vectorbt,"EOD signal, next-bar execution: entries/exits shifted 1 trading day to avoid same-close look-ahead.",pullback_reclaim_5dma,close_below_ma20,47,47,2021-04-14,2026-07-07,signal_to_shifted_exit_or_latest_close,True,20,Short pullback followed by a 5-day moving-average reclaim.,0.9268,0.1342,0.6438,-0.3319,-0.1127,0.202,-0.5019,1.4287,40.0,0.45,0.0206,-0.0068,-0.1567,0.9997,False,False,False,
COIN,ma20_reclaim_bullish,vectorbt,"EOD signal, next-bar execution: entries/exits shifted 1 trading day to avoid same-close look-ahead.",ma20_reclaim_bullish,close_below_ma20,26,26,2021-04-14,2026-07-07,signal_to_shifted_exit_or_latest_close,True,20,Price reclaims the 20-day moving average while above the 50-day average.,0.2961,0.0511,0.3193,-0.3815,-0.1078,0.1976,-0.5019,0.798,26.0,0.3462,0.0273,-0.0159,-0.1425,0.9997,False,False,False,
COIN,momentum_leader,vectorbt,"EOD signal, next-bar execution: entries/exits shifted 1 trading day to avoid same-close look-ahead.",momentum_leader,close_below_ma20,174,174,2021-04-14,2026-07-07,signal_to_shifted_exit_or_latest_close,True,20,Above 20/50/200-day averages with positive 20-day momentum and non-overheated RSI.,0.2906,0.0502,0.3107,-0.4514,-0.1534,0.2449,-0.5019,0.7925,19.0,0.3158,0.035,-0.0222,-0.2992,0.7618,False,False,False,
COIN,ma50_reclaim_bullish,vectorbt,"EOD signal, next-bar execution: entries/exits shifted 1 trading day to avoid same-close look-ahead.",ma50_reclaim_bullish,close_below_ma50,27,27,2021-04-14,2026-07-07,signal_to_shifted_exit_or_latest_close,True,20,Price reclaims the 50-day moving average while above the 200-day average.,-0.3468,-0.0785,-0.0946,-0.6744,-0.1217,0.2449,-0.5019,0.1551,27.0,0.1481,-0.0018,-0.0436,-0.1881,0.7206,False,True,False,
SGOV,ma50_reclaim_bullish,vectorbt,"EOD signal, next-bar execution: entries/exits shifted 1 trading day to avoid same-close look-ahead.",ma50_reclaim_bullish,close_below_ma50,36,36,2020-05-28,2026-07-07,signal_to_shifted_exit_or_latest_close,True,20,Price reclaims the 50-day moving average while above the 200-day average.,0.1115,0.0175,4.0232,-0.0687,-0.0011,0.0007,0.1946,-0.0831,36.0,0.3056,0.0054,0.0,-0.0001,0.1935,False,False,True,
SGOV,ma20_reclaim_bullish,vectorbt,"EOD signal, next-bar execution: entries/exits shifted 1 trading day to avoid same-close look-ahead.",ma20_reclaim_bullish,close_below_ma20,73,73,2020-05-28,2026-07-07,signal_to_shifted_exit_or_latest_close,True,20,Price reclaims the 20-day moving average while above the 50-day average.,0.0323,0.0052,0.9342,-0.1339,-0.0011,0.0007,0.1946,-0.1623,73.0,0.3699,0.0026,0.0,-0.0001,0.1918,False,False,True,
SNOW,ma20_reclaim_bullish,vectorbt,"EOD signal, next-bar execution: entries/exits shifted 1 trading day to avoid same-close look-ahead.",ma20_reclaim_bullish,close_below_ma20,26,26,2020-09-16,2026-07-07,signal_to_shifted_exit_or_latest_close,True,20,Price reclaims the 20-day moving average while above the 50-day average.,-0.1446,-0.0267,0.0147,-0.5323,-0.1814,0.3271,0.0347,-0.1793,26.0,0.4231,-0.0002,-0.0077,-0.1858,0.3292,False,False,True,
SNOW,momentum_leader,vectorbt,"EOD signal, next-bar execution: entries/exits shifted 1 trading day to avoid same-close look-ahead.",momentum_leader,close_below_ma20,261,260,2020-09-16,2026-07-07,signal_to_shifted_exit_or_latest_close,True,20,Above 20/50/200-day averages with positive 20-day momentum and non-overheated RSI.,-0.2544,-0.0495,-0.1306,-0.5163,-0.1814,0.1343,0.0347,-0.2891,21.0,0.4286,-0.0091,-0.0102,-0.1858,0.1678,True,False,True,
SNOW,pullback_reclaim_5dma,vectorbt,"EOD signal, next-bar execution: entries/exits shifted 1 trading day to avoid same-close look-ahead.",pullback_reclaim_5dma,close_below_ma20,39,39,2020-09-16,2026-07-07,signal_to_shifted_exit_or_latest_close,True,20,Short pullback followed by a 5-day moving-average reclaim.,-0.4008,-0.0848,-0.4802,-0.4989,-0.1814,0.0979,0.0347,-0.4355,36.0,0.3889,-0.0158,-0.0106,-0.1858,0.067,False,False,False,
IEF,ma50_reclaim_bullish,vectorbt,"EOD signal, next-bar execution: entries/exits shifted 1 trading day to avoid same-close look-ahead.",ma50_reclaim_bullish,close_below_ma50,132,132,2005-01-03,2026-07-07,signal_to_shifted_exit_or_latest_close,True,20,Price reclaims the 50-day moving average while above the 200-day average.,0.0931,0.0042,0.1202,-0.1356,-0.0251,0.0264,0.9615,-0.8684,132.0,0.3939,0.0028,-0.001,-0.0182,0.0978,False,True,True,
TLT,momentum_leader,vectorbt,"EOD signal, next-bar execution: entries/exits shifted 1 trading day to avoid same-close look-ahead.",momentum_leader,close_below_ma20,305,305,2005-01-03,2026-07-07,signal_to_shifted_exit_or_latest_close,True,20,Above 20/50/200-day averages with positive 20-day momentum and non-overheated RSI.,0.0441,0.002,0.0634,-0.2423,-0.0574,0.0637,0.9229,-0.8788,44.0,0.4091,0.0037,-0.0072,-0.0564,0.1486,False,True,False,
TLT,ma20_reclaim_bullish,vectorbt,"EOD signal, next-bar execution: entries/exits shifted 1 trading day to avoid same-close look-ahead.",ma20_reclaim_bullish,close_below_ma20,171,171,2005-01-03,2026-07-07,signal_to_shifted_exit_or_latest_close,True,20,Price reclaims the 20-day moving average while above the 50-day average.,0.0364,0.0017,0.0601,-0.269,-0.0574,0.0637,0.9229,-0.8865,171.0,0.4444,0.0026,-0.0027,-0.0564,0.1936,False,True,False,
IEF,momentum_leader,vectorbt,"EOD signal, next-bar execution: entries/exits shifted 1 trading day to avoid same-close look-ahead.",momentum_leader,close_below_ma20,41,41,2005-01-03,2026-07-07,signal_to_shifted_exit_or_latest_close,True,20,Above 20/50/200-day averages with positive 20-day momentum and non-overheated RSI.,0.0302,0.0014,0.096,-0.0671,-0.0251,0.0264,0.9615,-0.9313,7.0,0.5714,0.0066,0.0007,-0.0215,0.0472,False,True,False,
TLT,ma50_reclaim_bullish,vectorbt,"EOD signal, next-bar execution: entries/exits shifted 1 trading day to avoid same-close look-ahead.",ma50_reclaim_bullish,close_below_ma50,134,134,2005-01-03,2026-07-07,signal_to_shifted_exit_or_latest_close,True,20,Price reclaims the 50-day moving average while above the 200-day average.,-0.0838,-0.0041,-0.0032,-0.3619,-0.0667,0.0648,0.9229,-1.0067,134.0,0.3806,0.0018,-0.0042,-0.0329,0.1674,False,True,False,
IEF,ma20_reclaim_bullish,vectorbt,"EOD signal, next-bar execution: entries/exits shifted 1 trading day to avoid same-close look-ahead.",ma20_reclaim_bullish,close_below_ma20,191,191,2005-01-03,2026-07-07,signal_to_shifted_exit_or_latest_close,True,20,Price reclaims the 20-day moving average while above the 50-day average.,-0.1924,-0.0099,-0.2545,-0.2424,-0.0178,0.0192,0.9615,-1.1539,191.0,0.4346,0.0009,-0.001,-0.0213,0.0753,False,True,False,
ARKK,ma50_reclaim_bullish,vectorbt,"EOD signal, next-bar execution: entries/exits shifted 1 trading day to avoid same-close look-ahead.",ma50_reclaim_bullish,close_below_ma50,46,46,2014-10-31,2026-07-07,signal_to_shifted_exit_or_latest_close,True,20,Price reclaims the 50-day moving average while above the 200-day average.,1.6275,0.0865,0.5895,-0.3954,-0.0743,0.082,3.4048,-1.7773,46.0,0.3478,0.0343,-0.0135,-0.0838,0.8633,False,False,False,
CEG,ma50_reclaim_bullish,vectorbt,"EOD signal, next-bar execution: entries/exits shifted 1 trading day to avoid same-close look-ahead.",ma50_reclaim_bullish,close_below_ma50,29,29,2022-02-02,2026-07-07,signal_to_shifted_exit_or_latest_close,True,20,Price reclaims the 50-day moving average while above the 200-day average.,1.0653,0.1793,0.6939,-0.2702,-0.2085,0.2516,3.6902,-2.6249,29.0,0.4828,0.035,-0.001,-0.0826,0.7762,False,True,False,
CEG,momentum_leader,vectorbt,"EOD signal, next-bar execution: entries/exits shifted 1 trading day to avoid same-close look-ahead.",momentum_leader,close_below_ma20,234,234,2022-02-02,2026-07-07,signal_to_shifted_exit_or_latest_close,True,20,Above 20/50/200-day averages with positive 20-day momentum and non-overheated RSI.,0.8799,0.1544,0.7058,-0.2214,-0.2085,0.2229,3.6902,-2.8103,21.0,0.5714,0.038,0.0036,-0.073,0.4062,False,True,False,
ARKK,momentum_leader,vectorbt,"EOD signal, next-bar execution: entries/exits shifted 1 trading day to avoid same-close look-ahead.",momentum_leader,close_below_ma20,708,707,2014-10-31,2026-07-07,signal_to_shifted_exit_or_latest_close,True,20,Above 20/50/200-day averages with positive 20-day momentum and non-overheated RSI.,0.5939,0.0409,0.3223,-0.4385,-0.0743,0.0836,3.4048,-2.8109,65.0,0.4154,0.0118,-0.0055,-0.1034,0.3495,True,False,False,
ARKK,pullback_reclaim_5dma,vectorbt,"EOD signal, next-bar execution: entries/exits shifted 1 trading day to avoid same-close look-ahead.",pullback_reclaim_5dma,close_below_ma20,34,34,2014-10-31,2026-07-07,signal_to_shifted_exit_or_latest_close,True,20,Short pullback followed by a 5-day moving-average reclaim.,0.1084,0.0089,0.1856,-0.1312,-0.0702,0.0659,3.4048,-3.2964,34.0,0.6176,0.0069,0.0108,-0.0705,0.0991,False,False,False,
ARM,momentum_leader,vectorbt,"EOD signal, next-bar execution: entries/exits shifted 1 trading day to avoid same-close look-ahead.",momentum_leader,close_below_ma20,143,143,2023-09-14,2026-07-07,signal_to_shifted_exit_or_latest_close,True,20,Above 20/50/200-day averages with positive 20-day momentum and non-overheated RSI.,0.3814,0.1228,0.4856,-0.484,-0.1344,0.1616,3.7245,-3.3431,14.0,0.2143,0.057,-0.0515,-0.1247,1.2108,False,True,False,
ARKK,ma20_reclaim_bullish,vectorbt,"EOD signal, next-bar execution: entries/exits shifted 1 trading day to avoid same-close look-ahead.",ma20_reclaim_bullish,close_below_ma20,92,92,2014-10-31,2026-07-07,signal_to_shifted_exit_or_latest_close,True,20,Price reclaims the 20-day moving average while above the 50-day average.,0.0371,0.0031,0.101,-0.3442,-0.0738,0.0737,3.4048,-3.3677,92.0,0.3804,0.0037,-0.0075,-0.088,0.2091,False,False,True,
CEG,ma20_reclaim_bullish,vectorbt,"EOD signal, next-bar execution: entries/exits shifted 1 trading day to avoid same-close look-ahead.",ma20_reclaim_bullish,close_below_ma20,27,27,2022-02-02,2026-07-07,signal_to_shifted_exit_or_latest_close,True,20,Price reclaims the 20-day moving average while above the 50-day average.,0.2959,0.0607,0.3893,-0.2569,-0.109,0.2229,3.6902,-3.3943,27.0,0.5556,0.0151,0.0078,-0.1264,0.3575,False,True,False,
CEG,pullback_reclaim_5dma,vectorbt,"EOD signal, next-bar execution: entries/exits shifted 1 trading day to avoid same-close look-ahead.",pullback_reclaim_5dma,close_below_ma20,24,24,2022-02-02,2026-07-07,signal_to_shifted_exit_or_latest_close,True,20,Short pullback followed by a 5-day moving-average reclaim.,0.1396,0.0302,0.3347,-0.2276,-0.0543,0.0554,3.6902,-3.5506,22.0,0.4091,0.0059,-0.0032,-0.0927,0.253,False,True,True,
USMV,ma50_reclaim_bullish,vectorbt,"EOD signal, next-bar execution: entries/exits shifted 1 trading day to avoid same-close look-ahead.",ma50_reclaim_bullish,close_below_ma50,113,113,2011-10-20,2026-07-07,signal_to_shifted_exit_or_latest_close,True,20,Price reclaims the 50-day moving average while above the 200-day average.,0.271,0.0165,0.2601,-0.2092,-0.0591,0.0207,4.1147,-3.8437,113.0,0.4071,0.0045,-0.0025,-0.0722,0.1173,False,False,True,
USMV,momentum_leader,vectorbt,"EOD signal, next-bar execution: entries/exits shifted 1 trading day to avoid same-close look-ahead.",momentum_leader,close_below_ma20,160,160,2011-10-20,2026-07-07,signal_to_shifted_exit_or_latest_close,True,20,Above 20/50/200-day averages with positive 20-day momentum and non-overheated RSI.,0.1177,0.0076,0.2275,-0.0919,-0.0501,0.0244,4.1147,-3.997,25.0,0.52,0.0069,0.0015,-0.029,0.1126,False,False,False,
USMV,ma20_reclaim_bullish,vectorbt,"EOD signal, next-bar execution: entries/exits shifted 1 trading day to avoid same-close look-ahead.",ma20_reclaim_bullish,close_below_ma20,159,159,2011-10-20,2026-07-07,signal_to_shifted_exit_or_latest_close,True,20,Price reclaims the 20-day moving average while above the 50-day average.,0.0664,0.0044,0.1012,-0.2121,-0.0591,0.0206,4.1147,-4.0483,159.0,0.4465,0.0026,-0.0013,-0.0715,0.1423,False,False,True,
XLP,momentum_leader,vectorbt,"EOD signal, next-bar execution: entries/exits shifted 1 trading day to avoid same-close look-ahead.",momentum_leader,close_below_ma20,271,271,2005-01-03,2026-07-07,signal_to_shifted_exit_or_latest_close,True,20,Above 20/50/200-day averages with positive 20-day momentum and non-overheated RSI.,0.0575,0.0026,0.0841,-0.124,-0.0379,0.0201,5.4112,-5.3537,45.0,0.4667,0.0037,-0.0025,-0.0491,0.1391,False,False,False,
XLP,ma20_reclaim_bullish,vectorbt,"EOD signal, next-bar execution: entries/exits shifted 1 trading day to avoid same-close look-ahead.",ma20_reclaim_bullish,close_below_ma20,240,240,2005-01-03,2026-07-07,signal_to_shifted_exit_or_latest_close,True,20,Price reclaims the 20-day moving average while above the 50-day average.,0.0228,0.0011,0.0492,-0.246,-0.0282,0.0225,5.4112,-5.3884,240.0,0.4458,0.0023,-0.0022,-0.0365,0.1735,False,False,True,
XLP,ma50_reclaim_bullish,vectorbt,"EOD signal, next-bar execution: entries/exits shifted 1 trading day to avoid same-close look-ahead.",ma50_reclaim_bullish,close_below_ma50,175,175,2005-01-03,2026-07-07,signal_to_shifted_exit_or_latest_close,True,20,Price reclaims the 50-day moving average while above the 200-day average.,-0.1557,-0.0079,-0.0629,-0.3879,-0.0643,0.0239,5.4112,-5.5669,175.0,0.4171,0.0014,-0.0013,-0.0873,0.1395,False,False,True,
DDOG,momentum_leader,vectorbt,"EOD signal, next-bar execution: entries/exits shifted 1 trading day to avoid same-close look-ahead.",momentum_leader,close_below_ma20,330,329,2019-09-19,2026-07-07,signal_to_shifted_exit_or_latest_close,True,20,Above 20/50/200-day averages with positive 20-day momentum and non-overheated RSI.,0.2059,0.028,0.2318,-0.4992,-0.1645,0.3133,5.8391,-5.6332,32.0,0.5,0.016,0.0011,-0.201,0.5968,True,False,True,
GLD,ma50_reclaim_bullish,vectorbt,"EOD signal, next-bar execution: entries/exits shifted 1 trading day to avoid same-close look-ahead.",ma50_reclaim_bullish,close_below_ma50,125,125,2005-01-03,2026-07-07,signal_to_shifted_exit_or_latest_close,True,20,Price reclaims the 50-day moving average while above the 200-day average.,2.0995,0.0541,0.4933,-0.3268,-0.1027,0.0636,7.7748,-5.6753,125.0,0.376,0.0129,-0.0045,-0.0494,0.3763,False,True,False,
AMD,ma50_reclaim_bullish,vectorbt,"EOD signal, next-bar execution: entries/exits shifted 1 trading day to avoid same-close look-ahead.",ma50_reclaim_bullish,close_below_ma50,94,94,2005-01-03,2026-07-07,signal_to_shifted_exit_or_latest_close,True,20,Price reclaims the 50-day moving average while above the 200-day average.,17.2254,0.1448,0.573,-0.6386,-0.1731,0.5229,23.106,-5.8806,94.0,0.3511,0.0524,-0.0142,-0.1554,1.3984,False,False,True,
DDOG,pullback_reclaim_5dma,vectorbt,"EOD signal, next-bar execution: entries/exits shifted 1 trading day to avoid same-close look-ahead.",pullback_reclaim_5dma,close_below_ma20,54,54,2019-09-19,2026-07-07,signal_to_shifted_exit_or_latest_close,True,20,Short pullback followed by a 5-day moving-average reclaim.,-0.0533,-0.0081,0.006,-0.3688,-0.1011,0.0832,5.8391,-5.8924,54.0,0.4074,0.0103,-0.0079,-0.1191,0.9349,False,False,False,
XLU,ma20_reclaim_bullish,vectorbt,"EOD signal, next-bar execution: entries/exits shifted 1 trading day to avoid same-close look-ahead.",ma20_reclaim_bullish,close_below_ma20,220,220,2005-01-03,2026-07-07,signal_to_shifted_exit_or_latest_close,True,20,Price reclaims the 20-day moving average while above the 50-day average.,0.0388,0.0018,0.0635,-0.3082,-0.0395,0.0378,5.9451,-5.9063,220.0,0.45,0.0025,-0.0027,-0.0604,0.1508,False,False,False,
XLU,momentum_leader,vectorbt,"EOD signal, next-bar execution: entries/exits shifted 1 trading day to avoid same-close look-ahead.",momentum_leader,close_below_ma20,513,513,2005-01-03,2026-07-07,signal_to_shifted_exit_or_latest_close,True,20,Above 20/50/200-day averages with positive 20-day momentum and non-overheated RSI.,0.0116,0.0005,0.0397,-0.2295,-0.039,0.0279,5.9451,-5.9335,66.0,0.4545,0.0026,-0.0011,-0.0821,0.1253,False,False,False,
XLU,ma50_reclaim_bullish,vectorbt,"EOD signal, next-bar execution: entries/exits shifted 1 trading day to avoid same-close look-ahead.",ma50_reclaim_bullish,close_below_ma50,161,161,2005-01-03,2026-07-07,signal_to_shifted_exit_or_latest_close,True,20,Price reclaims the 50-day moving average while above the 200-day average.,-0.0265,-0.0013,0.0356,-0.2707,-0.0556,0.0359,5.9451,-5.9716,161.0,0.4099,0.0023,-0.0034,-0.0716,0.1328,False,False,True,
GRID,momentum_leader,vectorbt,"EOD signal, next-bar execution: entries/exits shifted 1 trading day to avoid same-close look-ahead.",momentum_leader,close_below_ma20,685,685,2009-11-17,2026-07-07,signal_to_shifted_exit_or_latest_close,True,20,Above 20/50/200-day averages with positive 20-day momentum and non-overheated RSI.,0.2246,0.0123,0.1844,-0.2668,-0.0657,0.0461,6.263,-6.0384,64.0,0.4375,0.0059,-0.0022,-0.0581,0.1667,False,True,False,
GRID,ma50_reclaim_bullish,vectorbt,"EOD signal, next-bar execution: entries/exits shifted 1 trading day to avoid same-close look-ahead.",ma50_reclaim_bullish,close_below_ma50,115,115,2009-11-17,2026-07-07,signal_to_shifted_exit_or_latest_close,True,20,Price reclaims the 50-day moving average while above the 200-day average.,0.1636,0.0092,0.1369,-0.3378,-0.0742,0.0461,6.263,-6.0994,115.0,0.4348,0.0041,-0.001,-0.1013,0.2497,False,True,False,
DDOG,ma20_reclaim_bullish,vectorbt,"EOD signal, next-bar execution: entries/exits shifted 1 trading day to avoid same-close look-ahead.",ma20_reclaim_bullish,close_below_ma20,38,38,2019-09-19,2026-07-07,signal_to_shifted_exit_or_latest_close,True,20,Price reclaims the 20-day moving average while above the 50-day average.,-0.2938,-0.0501,-0.1354,-0.4321,-0.1645,0.1526,5.8391,-6.1329,38.0,0.3421,-0.0032,-0.0115,-0.1884,0.2743,False,False,True,
DDOG,ma50_reclaim_bullish,vectorbt,"EOD signal, next-bar execution: entries/exits shifted 1 trading day to avoid same-close look-ahead.",ma50_reclaim_bullish,close_below_ma50,35,35,2019-09-19,2026-07-07,signal_to_shifted_exit_or_latest_close,True,20,Price reclaims the 50-day moving average while above the 200-day average.,-0.3678,-0.0655,-0.205,-0.5748,-0.0974,0.2313,5.8391,-6.2069,35.0,0.3143,-0.0089,-0.0146,-0.122,0.246,False,False,False,
GLD,ma20_reclaim_bullish,vectorbt,"EOD signal, next-bar execution: entries/exits shifted 1 trading day to avoid same-close look-ahead.",ma20_reclaim_bullish,close_below_ma20,164,164,2005-01-03,2026-07-07,signal_to_shifted_exit_or_latest_close,True,20,Price reclaims the 20-day moving average while above the 50-day average.,1.3059,0.0397,0.4225,-0.1941,-0.1027,0.0625,7.7748,-6.4689,164.0,0.439,0.0079,-0.0036,-0.0706,0.197,False,True,False,
GRID,ma20_reclaim_bullish,vectorbt,"EOD signal, next-bar execution: entries/exits shifted 1 trading day to avoid same-close look-ahead.",ma20_reclaim_bullish,close_below_ma20,148,148,2009-11-17,2026-07-07,signal_to_shifted_exit_or_latest_close,True,20,Price reclaims the 20-day moving average while above the 50-day average.,-0.3399,-0.0247,-0.205,-0.4777,-0.0742,0.0503,6.263,-6.6029,148.0,0.3986,-0.0003,-0.005,-0.1013,0.182,False,True,False,
XLV,ma50_reclaim_bullish,vectorbt,"EOD signal, next-bar execution: entries/exits shifted 1 trading day to avoid same-close look-ahead.",ma50_reclaim_bullish,close_below_ma50,140,140,2005-01-03,2026-07-07,signal_to_shifted_exit_or_latest_close,True,20,Price reclaims the 50-day moving average while above the 200-day average.,0.1276,0.0056,0.1089,-0.2837,-0.0556,0.0332,6.9316,-6.804,140.0,0.4857,0.0034,-0.0009,-0.0639,0.1854,False,False,False,
XLV,ma20_reclaim_bullish,vectorbt,"EOD signal, next-bar execution: entries/exits shifted 1 trading day to avoid same-close look-ahead.",ma20_reclaim_bullish,close_below_ma20,194,194,2005-01-03,2026-07-07,signal_to_shifted_exit_or_latest_close,True,20,Price reclaims the 20-day moving average while above the 50-day average.,0.105,0.0047,0.099,-0.2684,-0.0556,0.0303,6.9316,-6.8266,194.0,0.433,0.0029,-0.001,-0.0647,0.1241,False,False,True,
XLV,momentum_leader,vectorbt,"EOD signal, next-bar execution: entries/exits shifted 1 trading day to avoid same-close look-ahead.",momentum_leader,close_below_ma20,470,469,2005-01-03,2026-07-07,signal_to_shifted_exit_or_latest_close,True,20,Above 20/50/200-day averages with positive 20-day momentum and non-overheated RSI.,0.0276,0.0013,0.0507,-0.2132,-0.0453,0.0263,6.9316,-6.904,68.0,0.4559,0.0028,-0.0035,-0.0573,0.0834,True,False,True,
GLD,momentum_leader,vectorbt,"EOD signal, next-bar execution: entries/exits shifted 1 trading day to avoid same-close look-ahead.",momentum_leader,close_below_ma20,724,724,2005-01-03,2026-07-07,signal_to_shifted_exit_or_latest_close,True,20,Above 20/50/200-day averages with positive 20-day momentum and non-overheated RSI.,0.4338,0.0169,0.219,-0.2749,-0.1027,0.0625,7.7748,-7.341,80.0,0.5125,0.0074,0.0022,-0.0902,0.1347,False,True,False,
SPY,ma50_reclaim_bullish,vectorbt,"EOD signal, next-bar execution: entries/exits shifted 1 trading day to avoid same-close look-ahead.",ma50_reclaim_bullish,close_below_ma50,140,140,2005-01-03,2026-07-07,signal_to_shifted_exit_or_latest_close,True,20,Price reclaims the 50-day moving average while above the 200-day average.,0.8035,0.0279,0.3759,-0.2769,-0.0418,0.0284,8.2169,-7.4134,140.0,0.4714,0.0068,-0.0019,-0.0472,0.164,False,False,True,
NRG,ma20_reclaim_bullish,vectorbt,"EOD signal, next-bar execution: entries/exits shifted 1 trading day to avoid same-close look-ahead.",ma20_reclaim_bullish,close_below_ma20,139,139,2005-01-03,2026-07-07,signal_to_shifted_exit_or_latest_close,True,20,Price reclaims the 20-day moving average while above the 50-day average.,2.0179,0.0528,0.383,-0.5751,-0.1361,0.2621,9.4586,-7.4407,139.0,0.4676,0.0124,-0.002,-0.1069,0.4627,False,False,False,
SPY,ma20_reclaim_bullish,vectorbt,"EOD signal, next-bar execution: entries/exits shifted 1 trading day to avoid same-close look-ahead.",ma20_reclaim_bullish,close_below_ma20,199,199,2005-01-03,2026-07-07,signal_to_shifted_exit_or_latest_close,True,20,Price reclaims the 20-day moving average while above the 50-day average.,0.0875,0.0039,0.0908,-0.2977,-0.0576,0.0315,8.2169,-8.1294,199.0,0.4774,0.0027,-0.0007,-0.0607,0.0928,False,False,True,
SPY,momentum_leader,vectorbt,"EOD signal, next-bar execution: entries/exits shifted 1 trading day to avoid same-close look-ahead.",momentum_leader,close_below_ma20,395,395,2005-01-03,2026-07-07,signal_to_shifted_exit_or_latest_close,True,20,Above 20/50/200-day averages with positive 20-day momentum and non-overheated RSI.,0.0825,0.0037,0.0955,-0.2071,-0.0576,0.0256,8.2169,-8.1344,62.0,0.5323,0.0037,0.0017,-0.0633,0.0727,False,False,False,
NRG,momentum_leader,vectorbt,"EOD signal, next-bar execution: entries/exits shifted 1 trading day to avoid same-close look-ahead.",momentum_leader,close_below_ma20,1048,1048,2005-01-03,2026-07-07,signal_to_shifted_exit_or_latest_close,True,20,Above 20/50/200-day averages with positive 20-day momentum and non-overheated RSI.,0.6889,0.0247,0.2309,-0.3243,-0.1361,0.2621,9.4586,-8.7697,106.0,0.4717,0.0097,-0.0066,-0.109,0.3972,False,False,False,
NET,ma50_reclaim_bullish,vectorbt,"EOD signal, next-bar execution: entries/exits shifted 1 trading day to avoid same-close look-ahead.",ma50_reclaim_bullish,close_below_ma50,35,35,2019-09-13,2026-07-07,signal_to_shifted_exit_or_latest_close,True,20,Price reclaims the 50-day moving average while above the 200-day average.,5.0964,0.3053,0.9745,-0.3438,-0.1277,0.23,13.935,-8.8386,35.0,0.4857,0.073,-0.0028,-0.1729,0.9764,False,False,True,
NRG,ma50_reclaim_bullish,vectorbt,"EOD signal, next-bar execution: entries/exits shifted 1 trading day to avoid same-close look-ahead.",ma50_reclaim_bullish,close_below_ma50,116,116,2005-01-03,2026-07-07,signal_to_shifted_exit_or_latest_close,True,20,Price reclaims the 50-day moving average while above the 200-day average.,0.2486,0.0104,0.1486,-0.5856,-0.1671,0.2621,9.4586,-9.21,116.0,0.2931,0.0095,-0.0137,-0.1257,1.0424,False,True,False,
NRG,pullback_reclaim_5dma,vectorbt,"EOD signal, next-bar execution: entries/exits shifted 1 trading day to avoid same-close look-ahead.",pullback_reclaim_5dma,close_below_ma20,57,57,2005-01-03,2026-07-07,signal_to_shifted_exit_or_latest_close,True,20,Short pullback followed by a 5-day moving-average reclaim.,0.225,0.0095,0.1933,-0.1656,-0.0583,0.1031,9.4586,-9.2336,55.0,0.5091,0.0059,0.0056,-0.0927,0.204,False,False,False,
AMD,momentum_leader,vectorbt,"EOD signal, next-bar execution: entries/exits shifted 1 trading day to avoid same-close look-ahead.",momentum_leader,close_below_ma20,1112,1112,2005-01-03,2026-07-07,signal_to_shifted_exit_or_latest_close,True,20,Above 20/50/200-day averages with positive 20-day momentum and non-overheated RSI.,13.7963,0.1337,0.5915,-0.4663,-0.1731,0.1983,23.106,-9.3097,90.0,0.4778,0.0449,-0.0043,-0.2587,0.9865,False,True,True,
MDB,momentum_leader,vectorbt,"EOD signal, next-bar execution: entries/exits shifted 1 trading day to avoid same-close look-ahead.",momentum_leader,close_below_ma20,468,468,2017-10-19,2026-07-07,signal_to_shifted_exit_or_latest_close,True,20,Above 20/50/200-day averages with positive 20-day momentum and non-overheated RSI.,0.9129,0.0776,0.3896,-0.5572,-0.1692,0.2801,10.2666,-9.3537,46.0,0.413,0.0239,-0.0078,-0.1402,0.6355,False,False,False,
PLTR,ma50_reclaim_bullish,vectorbt,"EOD signal, next-bar execution: entries/exits shifted 1 trading day to avoid same-close look-ahead.",ma50_reclaim_bullish,close_below_ma50,27,27,2020-09-30,2026-07-07,signal_to_shifted_exit_or_latest_close,True,20,Price reclaims the 50-day moving average while above the 200-day average.,3.3017,0.2895,0.8652,-0.3745,-0.1205,0.2399,13.1442,-9.8425,27.0,0.5185,0.0883,0.0036,-0.1298,1.5042,False,False,False,
IGV,ma50_reclaim_bullish,vectorbt,"EOD signal, next-bar execution: entries/exits shifted 1 trading day to avoid same-close look-ahead.",ma50_reclaim_bullish,close_below_ma50,145,145,2005-01-03,2026-07-07,signal_to_shifted_exit_or_latest_close,True,20,Price reclaims the 50-day moving average while above the 200-day average.,0.4289,0.0168,0.1969,-0.458,-0.0544,0.0541,10.5101,-10.0812,145.0,0.4207,0.0057,-0.0026,-0.0629,0.3328,False,False,False,
MDB,pullback_reclaim_5dma,vectorbt,"EOD signal, next-bar execution: entries/exits shifted 1 trading day to avoid same-close look-ahead.",pullback_reclaim_5dma,close_below_ma20,48,48,2017-10-19,2026-07-07,signal_to_shifted_exit_or_latest_close,True,20,Short pullback followed by a 5-day moving-average reclaim.,0.1476,0.016,0.222,-0.2203,-0.0606,0.0918,10.2666,-10.119,48.0,0.3958,-0.002,-0.0038,-0.2224,0.3147,False,False,False,
MDB,ma20_reclaim_bullish,vectorbt,"EOD signal, next-bar execution: entries/exits shifted 1 trading day to avoid same-close look-ahead.",ma20_reclaim_bullish,close_below_ma20,53,53,2017-10-19,2026-07-07,signal_to_shifted_exit_or_latest_close,True,20,Price reclaims the 20-day moving average while above the 50-day average.,-0.2272,-0.0293,0.043,-0.5409,-0.1692,0.2801,10.2666,-10.4938,53.0,0.3774,0.0034,-0.0179,-0.1611,0.6355,False,False,False,
IGV,pullback_reclaim_5dma,vectorbt,"EOD signal, next-bar execution: entries/exits shifted 1 trading day to avoid same-close look-ahead.",pullback_reclaim_5dma,close_below_ma20,20,20,2005-01-03,2026-07-07,signal_to_shifted_exit_or_latest_close,True,20,Short pullback followed by a 5-day moving-average reclaim.,-0.0388,-0.0018,-0.1253,-0.065,-0.0373,0.0439,10.5101,-10.5489,20.0,0.55,0.0064,0.0065,-0.0387,0.0908,False,False,False,
CRWD,momentum_leader,vectorbt,"EOD signal, next-bar execution: entries/exits shifted 1 trading day to avoid same-close look-ahead.",momentum_leader,close_below_ma20,467,466,2019-06-12,2026-07-07,signal_to_shifted_exit_or_latest_close,True,20,Above 20/50/200-day averages with positive 20-day momentum and non-overheated RSI.,1.8015,0.1575,0.6777,-0.4709,-0.106,0.1428,12.4221,-10.6206,41.0,0.4146,0.0362,-0.0179,-0.1332,0.5491,True,False,True,
MDB,ma50_reclaim_bullish,vectorbt,"EOD signal, next-bar execution: entries/exits shifted 1 trading day to avoid same-close look-ahead.",ma50_reclaim_bullish,close_below_ma50,45,45,2017-10-19,2026-07-07,signal_to_shifted_exit_or_latest_close,True,20,Price reclaims the 50-day moving average while above the 200-day average.,-0.3605,-0.0502,-0.0087,-0.5902,-0.1491,0.2633,10.2666,-10.6271,45.0,0.3111,0.0039,-0.0318,-0.1786,0.6415,False,False,False,
IGV,momentum_leader,vectorbt,"EOD signal, next-bar execution: entries/exits shifted 1 trading day to avoid same-close look-ahead.",momentum_leader,close_below_ma20,943,943,2005-01-03,2026-07-07,signal_to_shifted_exit_or_latest_close,True,20,Above 20/50/200-day averages with positive 20-day momentum and non-overheated RSI.,-0.2113,-0.011,-0.072,-0.3532,-0.0544,0.0541,10.5101,-10.7214,99.0,0.4141,0.0003,-0.0032,-0.1497,0.1015,False,False,False,
IGV,ma20_reclaim_bullish,vectorbt,"EOD signal, next-bar execution: entries/exits shifted 1 trading day to avoid same-close look-ahead.",ma20_reclaim_bullish,close_below_ma20,194,194,2005-01-03,2026-07-07,signal_to_shifted_exit_or_latest_close,True,20,Price reclaims the 20-day moving average while above the 50-day average.,-0.3278,-0.0183,-0.1273,-0.4883,-0.0544,0.0541,10.5101,-10.8379,194.0,0.4485,0.0004,-0.0021,-0.0706,0.1426,False,False,False,
CRWD,ma50_reclaim_bullish,vectorbt,"EOD signal, next-bar execution: entries/exits shifted 1 trading day to avoid same-close look-ahead.",ma50_reclaim_bullish,close_below_ma50,30,30,2019-06-12,2026-07-07,signal_to_shifted_exit_or_latest_close,True,20,Price reclaims the 50-day moving average while above the 200-day average.,1.1927,0.1179,0.5632,-0.4269,-0.1075,0.1428,12.4221,-11.2294,30.0,0.3667,0.0437,-0.0157,-0.1311,0.9568,False,False,False,
CRWD,pullback_reclaim_5dma,vectorbt,"EOD signal, next-bar execution: entries/exits shifted 1 trading day to avoid same-close look-ahead.",pullback_reclaim_5dma,close_below_ma20,37,37,2019-06-12,2026-07-07,signal_to_shifted_exit_or_latest_close,True,20,Short pullback followed by a 5-day moving-average reclaim.,0.2642,0.0338,0.3066,-0.2575,-0.0751,0.148,12.4221,-12.1579,37.0,0.6486,0.0232,0.0158,-0.1342,0.4063,False,False,False,
ORCL,pullback_reclaim_5dma,vectorbt,"EOD signal, next-bar execution: entries/exits shifted 1 trading day to avoid same-close look-ahead.",pullback_reclaim_5dma,close_below_ma20,34,34,2005-01-03,2026-07-07,signal_to_shifted_exit_or_latest_close,True,20,Short pullback followed by a 5-day moving-average reclaim.,-0.0137,-0.0006,-0.0269,-0.0755,-0.0465,0.0324,12.3256,-12.3393,33.0,0.5152,0.0012,0.0008,-0.0292,0.0826,False,True,False,
ORCL,ma50_reclaim_bullish,vectorbt,"EOD signal, next-bar execution: entries/exits shifted 1 trading day to avoid same-close look-ahead.",ma50_reclaim_bullish,close_below_ma50,141,141,2005-01-03,2026-07-07,signal_to_shifted_exit_or_latest_close,True,20,Price reclaims the 50-day moving average while above the 200-day average.,-0.1632,-0.0083,0.0373,-0.5767,-0.1379,0.1332,12.3256,-12.4888,141.0,0.383,0.0026,-0.0037,-0.1456,0.3329,False,True,False,
CRWD,ma20_reclaim_bullish,vectorbt,"EOD signal, next-bar execution: entries/exits shifted 1 trading day to avoid same-close look-ahead.",ma20_reclaim_bullish,close_below_ma20,38,38,2019-06-12,2026-07-07,signal_to_shifted_exit_or_latest_close,True,20,Price reclaims the 20-day moving average while above the 50-day average.,-0.155,-0.0236,-0.0272,-0.5257,-0.106,0.104,12.4221,-12.5771,38.0,0.3421,0.0006,-0.0215,-0.1332,0.2981,False,False,True,
NET,ma20_reclaim_bullish,vectorbt,"EOD signal, next-bar execution: entries/exits shifted 1 trading day to avoid same-close look-ahead.",ma20_reclaim_bullish,close_below_ma20,58,58,2019-09-13,2026-07-07,signal_to_shifted_exit_or_latest_close,True,20,Price reclaims the 20-day moving average while above the 50-day average.,1.2658,0.1281,0.5269,-0.3123,-0.1259,0.2706,13.935,-12.6692,58.0,0.4655,0.0195,-0.0018,-0.1208,0.3172,False,False,True,
ORCL,momentum_leader,vectorbt,"EOD signal, next-bar execution: entries/exits shifted 1 trading day to avoid same-close look-ahead.",momentum_leader,close_below_ma20,977,977,2005-01-03,2026-07-07,signal_to_shifted_exit_or_latest_close,True,20,Above 20/50/200-day averages with positive 20-day momentum and non-overheated RSI.,-0.376,-0.0217,-0.0967,-0.6262,-0.135,0.1332,12.3256,-12.7016,98.0,0.398,-0.0001,-0.011,-0.2581,0.5377,False,True,False,
ORCL,ma20_reclaim_bullish,vectorbt,"EOD signal, next-bar execution: entries/exits shifted 1 trading day to avoid same-close look-ahead.",ma20_reclaim_bullish,close_below_ma20,178,178,2005-01-03,2026-07-07,signal_to_shifted_exit_or_latest_close,True,20,Price reclaims the 20-day moving average while above the 50-day average.,-0.5459,-0.0361,-0.1965,-0.7393,-0.0969,0.1332,12.3256,-12.8715,178.0,0.4101,-0.0016,-0.004,-0.124,0.2388,False,True,False,
PLTR,momentum_leader,vectorbt,"EOD signal, next-bar execution: entries/exits shifted 1 trading day to avoid same-close look-ahead.",momentum_leader,close_below_ma20,320,320,2020-09-30,2026-07-07,signal_to_shifted_exit_or_latest_close,True,20,Above 20/50/200-day averages with positive 20-day momentum and non-overheated RSI.,0.0654,0.0111,0.1894,-0.4839,-0.1205,0.2399,13.1442,-13.0788,29.0,0.3793,0.0136,-0.0165,-0.2314,0.4387,False,False,False,
PLTR,pullback_reclaim_5dma,vectorbt,"EOD signal, next-bar execution: entries/exits shifted 1 trading day to avoid same-close look-ahead.",pullback_reclaim_5dma,close_below_ma20,43,43,2020-09-30,2026-07-07,signal_to_shifted_exit_or_latest_close,True,20,Short pullback followed by a 5-day moving-average reclaim.,-0.2345,-0.0455,-0.4073,-0.2676,-0.1156,0.0814,13.1442,-13.3787,42.0,0.4524,-0.0055,-0.0094,-0.1147,0.1214,False,False,False,
PLTR,ma20_reclaim_bullish,vectorbt,"EOD signal, next-bar execution: entries/exits shifted 1 trading day to avoid same-close look-ahead.",ma20_reclaim_bullish,close_below_ma20,25,25,2020-09-30,2026-07-07,signal_to_shifted_exit_or_latest_close,True,20,Price reclaims the 20-day moving average while above the 50-day average.,-0.3049,-0.0614,-0.1614,-0.5957,-0.1424,0.1114,13.1442,-13.4491,25.0,0.4,-0.0051,-0.0192,-0.2314,0.4387,False,False,False,
NET,pullback_reclaim_5dma,vectorbt,"EOD signal, next-bar execution: entries/exits shifted 1 trading day to avoid same-close look-ahead.",pullback_reclaim_5dma,close_below_ma20,46,46,2019-09-13,2026-07-07,signal_to_shifted_exit_or_latest_close,True,20,Short pullback followed by a 5-day moving-average reclaim.,-0.1948,-0.0314,-0.3392,-0.2695,-0.0582,0.0671,13.935,-14.1298,45.0,0.4222,-0.0003,-0.0025,-0.1247,0.4703,False,False,False,
NET,momentum_leader,vectorbt,"EOD signal, next-bar execution: entries/exits shifted 1 trading day to avoid same-close look-ahead.",momentum_leader,close_below_ma20,415,414,2019-09-13,2026-07-07,signal_to_shifted_exit_or_latest_close,True,20,Above 20/50/200-day averages with positive 20-day momentum and non-overheated RSI.,-0.2223,-0.0364,0.0367,-0.6092,-0.2362,0.23,13.935,-14.1573,44.0,0.4091,0.0017,-0.0221,-0.1688,0.3221,True,False,False,
META,ma20_reclaim_bullish,vectorbt,"EOD signal, next-bar execution: entries/exits shifted 1 trading day to avoid same-close look-ahead.",ma20_reclaim_bullish,close_below_ma20,114,114,2012-05-18,2026-07-07,signal_to_shifted_exit_or_latest_close,True,20,Price reclaims the 20-day moving average while above the 50-day average.,0.969,0.0493,0.3517,-0.5137,-0.1896,0.2328,15.2407,-14.2717,114.0,0.4211,0.0107,-0.0039,-0.1394,0.4945,False,False,False,
META,momentum_leader,vectorbt,"EOD signal, next-bar execution: entries/exits shifted 1 trading day to avoid same-close look-ahead.",momentum_leader,close_below_ma20,850,850,2012-05-18,2026-07-07,signal_to_shifted_exit_or_latest_close,True,20,Above 20/50/200-day averages with positive 20-day momentum and non-overheated RSI.,0.6503,0.0362,0.2819,-0.4764,-0.1896,0.2961,15.2407,-14.5904,73.0,0.411,0.0141,-0.0059,-0.1458,0.7865,False,False,False,
META,ma50_reclaim_bullish,vectorbt,"EOD signal, next-bar execution: entries/exits shifted 1 trading day to avoid same-close look-ahead.",ma50_reclaim_bullish,close_below_ma50,97,97,2012-05-18,2026-07-07,signal_to_shifted_exit_or_latest_close,True,20,Price reclaims the 50-day moving average while above the 200-day average.,0.5399,0.0311,0.2522,-0.3832,-0.1896,0.2032,15.2407,-14.7008,97.0,0.4433,0.0095,-0.0054,-0.1372,0.4493,False,False,False,
META,pullback_reclaim_5dma,vectorbt,"EOD signal, next-bar execution: entries/exits shifted 1 trading day to avoid same-close look-ahead.",pullback_reclaim_5dma,close_below_ma20,34,34,2012-05-18,2026-07-07,signal_to_shifted_exit_or_latest_close,True,20,Short pullback followed by a 5-day moving-average reclaim.,-0.2246,-0.0179,-0.6063,-0.2336,-0.0473,0.0442,15.2407,-15.4653,34.0,0.4118,-0.0029,-0.0069,-0.0723,0.087,False,False,False,
ADI,pullback_reclaim_5dma,vectorbt,"EOD signal, next-bar execution: entries/exits shifted 1 trading day to avoid same-close look-ahead.",pullback_reclaim_5dma,close_below_ma20,27,27,2005-01-03,2026-07-07,signal_to_shifted_exit_or_latest_close,True,20,Short pullback followed by a 5-day moving-average reclaim.,-0.0386,-0.0018,-0.0911,-0.0994,-0.0466,0.0512,15.9374,-15.976,27.0,0.6667,0.0115,0.0016,-0.0328,0.147,False,True,False,
ADI,ma20_reclaim_bullish,vectorbt,"EOD signal, next-bar execution: entries/exits shifted 1 trading day to avoid same-close look-ahead.",ma20_reclaim_bullish,close_below_ma20,177,177,2005-01-03,2026-07-07,signal_to_shifted_exit_or_latest_close,True,20,Price reclaims the 20-day moving average while above the 50-day average.,-0.071,-0.0034,0.0459,-0.3728,-0.0997,0.1086,15.9374,-16.0084,177.0,0.4237,0.0025,-0.0056,-0.1197,0.1831,False,True,False,
ADI,momentum_leader,vectorbt,"EOD signal, next-bar execution: entries/exits shifted 1 trading day to avoid same-close look-ahead.",momentum_leader,close_below_ma20,1097,1097,2005-01-03,2026-07-07,signal_to_shifted_exit_or_latest_close,True,20,Above 20/50/200-day averages with positive 20-day momentum and non-overheated RSI.,-0.1554,-0.0078,0.0035,-0.34,-0.0997,0.1086,15.9374,-16.0928,116.0,0.4483,0.0016,-0.0044,-0.1197,0.1493,False,True,False,
ADI,ma50_reclaim_bullish,vectorbt,"EOD signal, next-bar execution: entries/exits shifted 1 trading day to avoid same-close look-ahead.",ma50_reclaim_bullish,close_below_ma50,183,183,2005-01-03,2026-07-07,signal_to_shifted_exit_or_latest_close,True,20,Price reclaims the 50-day moving average while above the 200-day average.,-0.5529,-0.0368,-0.1446,-0.7095,-0.0997,0.1086,15.9374,-16.4903,183.0,0.3497,-0.0011,-0.0103,-0.1223,0.291,False,True,False,
ETN,momentum_leader,vectorbt,"EOD signal, next-bar execution: entries/exits shifted 1 trading day to avoid same-close look-ahead.",momentum_leader,close_below_ma20,1267,1267,2005-01-03,2026-07-07,signal_to_shifted_exit_or_latest_close,True,20,Above 20/50/200-day averages with positive 20-day momentum and non-overheated RSI.,0.9277,0.0311,0.3138,-0.2567,-0.0745,0.0747,18.4497,-17.522,108.0,0.5648,0.0094,0.0041,-0.0647,0.2817,False,True,False,
ETN,ma50_reclaim_bullish,vectorbt,"EOD signal, next-bar execution: entries/exits shifted 1 trading day to avoid same-close look-ahead.",ma50_reclaim_bullish,close_below_ma50,142,142,2005-01-03,2026-07-07,signal_to_shifted_exit_or_latest_close,True,20,Price reclaims the 50-day moving average while above the 200-day average.,0.6136,0.0225,0.2193,-0.5823,-0.1556,0.0877,18.4497,-17.8361,142.0,0.3944,0.0081,-0.0049,-0.1577,0.5298,False,True,True,
ETN,ma20_reclaim_bullish,vectorbt,"EOD signal, next-bar execution: entries/exits shifted 1 trading day to avoid same-close look-ahead.",ma20_reclaim_bullish,close_below_ma20,154,154,2005-01-03,2026-07-07,signal_to_shifted_exit_or_latest_close,True,20,Price reclaims the 20-day moving average while above the 50-day average.,0.1348,0.0059,0.1097,-0.4923,-0.0762,0.0751,18.4497,-18.3149,154.0,0.487,0.0037,-0.0016,-0.1079,0.2721,False,True,True,
ETN,pullback_reclaim_5dma,vectorbt,"EOD signal, next-bar execution: entries/exits shifted 1 trading day to avoid same-close look-ahead.",pullback_reclaim_5dma,close_below_ma20,27,27,2005-01-03,2026-07-07,signal_to_shifted_exit_or_latest_close,True,20,Short pullback followed by a 5-day moving-average reclaim.,-0.0309,-0.0015,-0.024,-0.1946,-0.0579,0.044,18.4497,-18.4806,27.0,0.4444,-0.0004,-0.0081,-0.0511,0.1071,False,True,False,
QQQ,ma50_reclaim_bullish,vectorbt,"EOD signal, next-bar execution: entries/exits shifted 1 trading day to avoid same-close look-ahead.",ma50_reclaim_bullish,close_below_ma50,143,143,2005-01-03,2026-07-07,signal_to_shifted_exit_or_latest_close,True,20,Price reclaims the 50-day moving average while above the 200-day average.,1.363,0.0409,0.4154,-0.2813,-0.0507,0.0355,20.0781,-18.7151,143.0,0.4056,0.0095,-0.0059,-0.0551,0.3161,False,True,True,
MSFT,ma50_reclaim_bullish,vectorbt,"EOD signal, next-bar execution: entries/exits shifted 1 trading day to avoid same-close look-ahead.",ma50_reclaim_bullish,close_below_ma50,139,139,2005-01-03,2026-07-07,signal_to_shifted_exit_or_latest_close,True,20,Price reclaims the 50-day moving average while above the 200-day average.,1.2177,0.0378,0.3314,-0.2956,-0.0717,0.1008,20.2002,-18.9825,139.0,0.3957,0.0096,-0.0065,-0.0752,0.2861,False,True,False,
MSFT,momentum_leader,vectorbt,"EOD signal, next-bar execution: entries/exits shifted 1 trading day to avoid same-close look-ahead.",momentum_leader,close_below_ma20,990,990,2005-01-03,2026-07-07,signal_to_shifted_exit_or_latest_close,True,20,Above 20/50/200-day averages with positive 20-day momentum and non-overheated RSI.,0.9747,0.0322,0.3335,-0.3004,-0.114,0.1008,20.2002,-19.2255,95.0,0.4316,0.011,-0.005,-0.1175,0.1839,False,False,False,
QQQ,momentum_leader,vectorbt,"EOD signal, next-bar execution: entries/exits shifted 1 trading day to avoid same-close look-ahead.",momentum_leader,close_below_ma20,848,848,2005-01-03,2026-07-07,signal_to_shifted_exit_or_latest_close,True,20,Above 20/50/200-day averages with positive 20-day momentum and non-overheated RSI.,0.7964,0.0277,0.3803,-0.1881,-0.0507,0.0359,20.0781,-19.2817,89.0,0.5169,0.0092,0.0011,-0.0563,0.1502,False,True,False,
IGM,ma50_reclaim_bullish,vectorbt,"EOD signal, next-bar execution: entries/exits shifted 1 trading day to avoid same-close look-ahead.",ma50_reclaim_bullish,close_below_ma50,147,147,2005-01-03,2026-07-07,signal_to_shifted_exit_or_latest_close,True,20,Price reclaims the 50-day moving average while above the 200-day average.,2.0554,0.0534,0.4999,-0.2884,-0.0623,0.045,21.6709,-19.6155,147.0,0.4762,0.0111,-0.0005,-0.0698,0.3054,False,False,True,
MSFT,ma20_reclaim_bullish,vectorbt,"EOD signal, next-bar execution: entries/exits shifted 1 trading day to avoid same-close look-ahead.",ma20_reclaim_bullish,close_below_ma20,186,186,2005-01-03,2026-07-07,signal_to_shifted_exit_or_latest_close,True,20,Price reclaims the 20-day moving average while above the 50-day average.,0.2358,0.0099,0.1427,-0.3355,-0.0826,0.0641,20.2002,-19.9644,186.0,0.4301,0.0041,-0.0032,-0.0855,0.2459,False,False,False,
NOW,ma50_reclaim_bullish,vectorbt,"EOD signal, next-bar execution: entries/exits shifted 1 trading day to avoid same-close look-ahead.",ma50_reclaim_bullish,close_below_ma50,84,84,2012-06-29,2026-07-07,signal_to_shifted_exit_or_latest_close,True,20,Price reclaims the 50-day moving average while above the 200-day average.,1.3893,0.0643,0.3861,-0.4044,-0.1153,0.1391,21.5061,-20.1168,84.0,0.4167,0.0155,-0.0069,-0.0772,0.3656,False,False,False,
QQQ,ma20_reclaim_bullish,vectorbt,"EOD signal, next-bar execution: entries/exits shifted 1 trading day to avoid same-close look-ahead.",ma20_reclaim_bullish,close_below_ma20,184,184,2005-01-03,2026-07-07,signal_to_shifted_exit_or_latest_close,True,20,Price reclaims the 20-day moving average while above the 50-day average.,-0.0848,-0.0041,-0.0034,-0.338,-0.0507,0.0456,20.0781,-20.1629,184.0,0.4402,0.0019,-0.0041,-0.0532,0.1256,False,True,True,
MSFT,pullback_reclaim_5dma,vectorbt,"EOD signal, next-bar execution: entries/exits shifted 1 trading day to avoid same-close look-ahead.",pullback_reclaim_5dma,close_below_ma20,21,21,2005-01-03,2026-07-07,signal_to_shifted_exit_or_latest_close,True,20,Short pullback followed by a 5-day moving-average reclaim.,0.0024,0.0001,0.0331,-0.0154,-0.0065,0.0122,20.2002,-20.1978,21.0,0.619,0.0,0.0023,-0.0713,0.0392,False,False,False,
XLK,momentum_leader,vectorbt,"EOD signal, next-bar execution: entries/exits shifted 1 trading day to avoid same-close look-ahead.",momentum_leader,close_below_ma20,832,832,2005-01-03,2026-07-07,signal_to_shifted_exit_or_latest_close,True,20,Above 20/50/200-day averages with positive 20-day momentum and non-overheated RSI.,0.8405,0.0288,0.3765,-0.2263,-0.0666,0.0384,21.4609,-20.6204,81.0,0.5062,0.0106,0.0014,-0.0744,0.1906,False,True,False,
XLK,ma50_reclaim_bullish,vectorbt,"EOD signal, next-bar execution: entries/exits shifted 1 trading day to avoid same-close look-ahead.",ma50_reclaim_bullish,close_below_ma50,153,153,2005-01-03,2026-07-07,signal_to_shifted_exit_or_latest_close,True,20,Price reclaims the 50-day moving average while above the 200-day average.,0.8272,0.0285,0.3022,-0.3844,-0.0666,0.041,21.4609,-20.6337,153.0,0.4118,0.0071,-0.0027,-0.0482,0.3019,False,True,True,
AMD,pullback_reclaim_5dma,vectorbt,"EOD signal, next-bar execution: entries/exits shifted 1 trading day to avoid same-close look-ahead.",pullback_reclaim_5dma,close_below_ma20,110,110,2005-01-03,2026-07-07,signal_to_shifted_exit_or_latest_close,True,20,Short pullback followed by a 5-day moving-average reclaim.,2.3769,0.0583,0.4711,-0.331,-0.1086,0.1861,23.106,-20.7291,105.0,0.4762,0.027,-0.0021,-0.1566,1.2544,False,True,True,
VGT,ma50_reclaim_bullish,vectorbt,"EOD signal, next-bar execution: entries/exits shifted 1 trading day to avoid same-close look-ahead.",ma50_reclaim_bullish,close_below_ma50,143,143,2005-01-03,2026-07-07,signal_to_shifted_exit_or_latest_close,True,20,Price reclaims the 50-day moving average while above the 200-day average.,1.2602,0.0387,0.3872,-0.2891,-0.0614,0.0434,22.4228,-21.1626,143.0,0.3986,0.0091,-0.0062,-0.0583,0.3397,False,True,True,
IGM,momentum_leader,vectorbt,"EOD signal, next-bar execution: entries/exits shifted 1 trading day to avoid same-close look-ahead.",momentum_leader,close_below_ma20,905,905,2005-01-03,2026-07-07,signal_to_shifted_exit_or_latest_close,True,20,Above 20/50/200-day averages with positive 20-day momentum and non-overheated RSI.,0.4091,0.0161,0.2234,-0.2188,-0.0623,0.0407,21.6709,-21.2618,99.0,0.5556,0.0061,0.0031,-0.0742,0.1524,False,True,False,
NOW,ma20_reclaim_bullish,vectorbt,"EOD signal, next-bar execution: entries/exits shifted 1 trading day to avoid same-close look-ahead.",ma20_reclaim_bullish,close_below_ma20,111,111,2012-06-29,2026-07-07,signal_to_shifted_exit_or_latest_close,True,20,Price reclaims the 20-day moving average while above the 50-day average.,0.0264,0.0019,0.099,-0.5381,-0.1274,0.1407,21.5061,-21.4797,111.0,0.4685,0.0035,-0.0032,-0.1475,0.194,False,False,False,
NOW,pullback_reclaim_5dma,vectorbt,"EOD signal, next-bar execution: entries/exits shifted 1 trading day to avoid same-close look-ahead.",pullback_reclaim_5dma,close_below_ma20,58,58,2012-06-29,2026-07-07,signal_to_shifted_exit_or_latest_close,True,20,Short pullback followed by a 5-day moving-average reclaim.,0.0085,0.0006,0.0399,-0.203,-0.0499,0.1041,21.5061,-21.4976,57.0,0.5789,0.0045,0.0025,-0.0909,0.1672,False,False,False,
VGT,momentum_leader,vectorbt,"EOD signal, next-bar execution: entries/exits shifted 1 trading day to avoid same-close look-ahead.",momentum_leader,close_below_ma20,912,912,2005-01-03,2026-07-07,signal_to_shifted_exit_or_latest_close,True,20,Above 20/50/200-day averages with positive 20-day momentum and non-overheated RSI.,0.8967,0.0303,0.3809,-0.1748,-0.0614,0.0356,22.4228,-21.5261,90.0,0.5,0.01,0.0001,-0.0508,0.1831,False,True,False,
XLK,ma20_reclaim_bullish,vectorbt,"EOD signal, next-bar execution: entries/exits shifted 1 trading day to avoid same-close look-ahead.",ma20_reclaim_bullish,close_below_ma20,189,189,2005-01-03,2026-07-07,signal_to_shifted_exit_or_latest_close,True,20,Price reclaims the 20-day moving average while above the 50-day average.,-0.1436,-0.0072,-0.0358,-0.3172,-0.057,0.0502,21.4609,-21.6045,189.0,0.4286,0.0016,-0.0034,-0.069,0.1643,False,True,False,
NOW,momentum_leader,vectorbt,"EOD signal, next-bar execution: entries/exits shifted 1 trading day to avoid same-close look-ahead.",momentum_leader,close_below_ma20,909,909,2012-06-29,2026-07-07,signal_to_shifted_exit_or_latest_close,True,20,Above 20/50/200-day averages with positive 20-day momentum and non-overheated RSI.,-0.1452,-0.0112,0.0257,-0.4331,-0.1153,0.1379,21.5061,-21.6513,85.0,0.4824,0.0016,-0.001,-0.1007,0.194,False,False,False,
IGM,ma20_reclaim_bullish,vectorbt,"EOD signal, next-bar execution: entries/exits shifted 1 trading day to avoid same-close look-ahead.",ma20_reclaim_bullish,close_below_ma20,187,187,2005-01-03,2026-07-07,signal_to_shifted_exit_or_latest_close,True,20,Price reclaims the 20-day moving average while above the 50-day average.,-0.3013,-0.0166,-0.1334,-0.5094,-0.051,0.0494,21.6709,-21.9722,187.0,0.4545,0.0005,-0.0031,-0.074,0.1394,False,True,False,
VRT,ma50_reclaim_bullish,vectorbt,"EOD signal, next-bar execution: entries/exits shifted 1 trading day to avoid same-close look-ahead.",ma50_reclaim_bullish,close_below_ma50,41,41,2018-07-30,2026-07-07,signal_to_shifted_exit_or_latest_close,True,20,Price reclaims the 50-day moving average while above the 200-day average.,8.0421,0.321,0.9836,-0.439,-0.2988,0.2925,30.1855,-22.1434,41.0,0.439,0.0882,0.0,-0.2053,1.4625,False,True,False,
AMD,ma20_reclaim_bullish,vectorbt,"EOD signal, next-bar execution: entries/exits shifted 1 trading day to avoid same-close look-ahead.",ma20_reclaim_bullish,close_below_ma20,107,107,2005-01-03,2026-07-07,signal_to_shifted_exit_or_latest_close,True,20,Price reclaims the 20-day moving average while above the 50-day average.,0.5454,0.0205,0.2026,-0.7657,-0.1619,0.1473,23.106,-22.5606,107.0,0.3364,0.0128,-0.0181,-0.1862,0.8043,False,True,True,
VGT,ma20_reclaim_bullish,vectorbt,"EOD signal, next-bar execution: entries/exits shifted 1 trading day to avoid same-close look-ahead.",ma20_reclaim_bullish,close_below_ma20,172,172,2005-01-03,2026-07-07,signal_to_shifted_exit_or_latest_close,True,20,Price reclaims the 20-day moving average while above the 50-day average.,-0.3093,-0.0171,-0.1427,-0.4117,-0.0591,0.0489,22.4228,-22.7321,172.0,0.3779,0.0003,-0.0072,-0.0575,0.1247,False,True,False,
VRT,momentum_leader,vectorbt,"EOD signal, next-bar execution: entries/exits shifted 1 trading day to avoid same-close look-ahead.",momentum_leader,close_below_ma20,621,621,2018-07-30,2026-07-07,signal_to_shifted_exit_or_latest_close,True,20,Above 20/50/200-day averages with positive 20-day momentum and non-overheated RSI.,6.6291,0.293,0.972,-0.3979,-0.2988,0.2925,30.1855,-23.5564,43.0,0.5116,0.0618,0.0108,-0.2718,0.6768,False,True,False,
VRT,ma20_reclaim_bullish,vectorbt,"EOD signal, next-bar execution: entries/exits shifted 1 trading day to avoid same-close look-ahead.",ma20_reclaim_bullish,close_below_ma20,77,77,2018-07-30,2026-07-07,signal_to_shifted_exit_or_latest_close,True,20,Price reclaims the 20-day moving average while above the 50-day average.,3.3527,0.2044,0.8433,-0.2883,-0.086,0.2925,30.1855,-26.8328,77.0,0.4156,0.0249,0.0,-0.094,0.4779,False,True,False,
VRT,pullback_reclaim_5dma,vectorbt,"EOD signal, next-bar execution: entries/exits shifted 1 trading day to avoid same-close look-ahead.",pullback_reclaim_5dma,close_below_ma20,35,35,2018-07-30,2026-07-07,signal_to_shifted_exit_or_latest_close,True,20,Short pullback followed by a 5-day moving-average reclaim.,0.1901,0.0222,0.3006,-0.1518,-0.0686,0.0711,30.1855,-29.9954,35.0,0.6286,0.0235,0.0042,-0.1195,0.2958,False,True,False,
SOXX,ma50_reclaim_bullish,vectorbt,"EOD signal, next-bar execution: entries/exits shifted 1 trading day to avoid same-close look-ahead.",ma50_reclaim_bullish,close_below_ma50,148,148,2005-01-03,2026-07-07,signal_to_shifted_exit_or_latest_close,True,20,Price reclaims the 50-day moving average while above the 200-day average.,2.9413,0.066,0.4533,-0.3553,-0.1044,0.0839,37.3504,-34.4091,148.0,0.4122,0.014,-0.0048,-0.0847,0.5871,False,False,True,
PANW,ma50_reclaim_bullish,vectorbt,"EOD signal, next-bar execution: entries/exits shifted 1 trading day to avoid same-close look-ahead.",ma50_reclaim_bullish,close_below_ma50,71,71,2012-07-20,2026-07-07,signal_to_shifted_exit_or_latest_close,True,20,Price reclaims the 50-day moving average while above the 200-day average.,1.5004,0.068,0.4122,-0.3623,-0.2844,0.1061,37.0621,-35.5617,71.0,0.493,0.0218,-0.0036,-0.18,0.8015,False,False,False,
PANW,pullback_reclaim_5dma,vectorbt,"EOD signal, next-bar execution: entries/exits shifted 1 trading day to avoid same-close look-ahead.",pullback_reclaim_5dma,close_below_ma20,40,40,2012-07-20,2026-07-07,signal_to_shifted_exit_or_latest_close,True,20,Short pullback followed by a 5-day moving-average reclaim.,0.7452,0.0408,0.5875,-0.1574,-0.0573,0.0928,37.0621,-36.3169,40.0,0.475,0.0292,-0.0019,-0.0746,1.0186,False,False,True,
PANW,momentum_leader,vectorbt,"EOD signal, next-bar execution: entries/exits shifted 1 trading day to avoid same-close look-ahead.",momentum_leader,close_below_ma20,934,933,2012-07-20,2026-07-07,signal_to_shifted_exit_or_latest_close,True,20,Above 20/50/200-day averages with positive 20-day momentum and non-overheated RSI.,0.1798,0.0119,0.1673,-0.509,-0.2844,0.125,37.0621,-36.8823,85.0,0.4235,0.0084,-0.0106,-0.2048,0.6213,True,False,True,
SOXX,momentum_leader,vectorbt,"EOD signal, next-bar execution: entries/exits shifted 1 trading day to avoid same-close look-ahead.",momentum_leader,close_below_ma20,1186,1186,2005-01-03,2026-07-07,signal_to_shifted_exit_or_latest_close,True,20,Above 20/50/200-day averages with positive 20-day momentum and non-overheated RSI.,0.4616,0.0178,0.1967,-0.4237,-0.1044,0.0828,37.3504,-36.8888,119.0,0.4538,0.0066,-0.0047,-0.1162,0.422,False,True,False,
PANW,ma20_reclaim_bullish,vectorbt,"EOD signal, next-bar execution: entries/exits shifted 1 trading day to avoid same-close look-ahead.",ma20_reclaim_bullish,close_below_ma20,102,102,2012-07-20,2026-07-07,signal_to_shifted_exit_or_latest_close,True,20,Price reclaims the 20-day moving average while above the 50-day average.,-0.0326,-0.0024,0.0896,-0.6837,-0.2844,0.121,37.0621,-37.0947,102.0,0.4216,0.0066,-0.0071,-0.1631,1.0186,False,False,True,
SOXX,pullback_reclaim_5dma,vectorbt,"EOD signal, next-bar execution: entries/exits shifted 1 trading day to avoid same-close look-ahead.",pullback_reclaim_5dma,close_below_ma20,34,34,2005-01-03,2026-07-07,signal_to_shifted_exit_or_latest_close,True,20,Short pullback followed by a 5-day moving-average reclaim.,-0.0763,-0.0037,-0.1462,-0.1371,-0.0641,0.0424,37.3504,-37.4267,34.0,0.5588,-0.0013,0.0014,-0.1162,0.0562,False,True,False,
SOXX,ma20_reclaim_bullish,vectorbt,"EOD signal, next-bar execution: entries/exits shifted 1 trading day to avoid same-close look-ahead.",ma20_reclaim_bullish,close_below_ma20,194,194,2005-01-03,2026-07-07,signal_to_shifted_exit_or_latest_close,True,20,Price reclaims the 20-day moving average while above the 50-day average.,-0.1661,-0.0084,0.0081,-0.5374,-0.0788,0.0828,37.3504,-37.5165,194.0,0.4381,0.0018,-0.0035,-0.1162,0.1757,False,True,False,
AMAT,ma50_reclaim_bullish,vectorbt,"EOD signal, next-bar execution: entries/exits shifted 1 trading day to avoid same-close look-ahead.",ma50_reclaim_bullish,close_below_ma50,131,131,2005-01-03,2026-07-07,signal_to_shifted_exit_or_latest_close,True,20,Price reclaims the 50-day moving average while above the 200-day average.,4.4797,0.0825,0.4628,-0.5847,-0.1407,0.1342,44.6243,-40.1446,131.0,0.4198,0.0222,-0.0094,-0.1154,1.0076,False,False,True,
AMAT,momentum_leader,vectorbt,"EOD signal, next-bar execution: entries/exits shifted 1 trading day to avoid same-close look-ahead.",momentum_leader,close_below_ma20,1246,1246,2005-01-03,2026-07-07,signal_to_shifted_exit_or_latest_close,True,20,Above 20/50/200-day averages with positive 20-day momentum and non-overheated RSI.,0.497,0.019,0.1938,-0.5404,-0.1069,0.1342,44.6243,-44.1273,126.0,0.4444,0.0072,-0.0043,-0.1167,0.2975,False,True,True,
AMAT,pullback_reclaim_5dma,vectorbt,"EOD signal, next-bar execution: entries/exits shifted 1 trading day to avoid same-close look-ahead.",pullback_reclaim_5dma,close_below_ma20,38,38,2005-01-03,2026-07-07,signal_to_shifted_exit_or_latest_close,True,20,Short pullback followed by a 5-day moving-average reclaim.,0.1368,0.006,0.1552,-0.0865,-0.0587,0.1018,44.6243,-44.4875,38.0,0.3947,0.0053,-0.0061,-0.0597,0.1171,False,True,False,
AMAT,ma20_reclaim_bullish,vectorbt,"EOD signal, next-bar execution: entries/exits shifted 1 trading day to avoid same-close look-ahead.",ma20_reclaim_bullish,close_below_ma20,152,152,2005-01-03,2026-07-07,signal_to_shifted_exit_or_latest_close,True,20,Price reclaims the 20-day moving average while above the 50-day average.,0.0768,0.0035,0.1113,-0.6294,-0.1048,0.1342,44.6243,-44.5475,152.0,0.4276,0.0042,-0.0091,-0.091,0.2993,False,True,True,
SMH,ma50_reclaim_bullish,vectorbt,"EOD signal, next-bar execution: entries/exits shifted 1 trading day to avoid same-close look-ahead.",ma50_reclaim_bullish,close_below_ma50,172,172,2005-01-03,2026-07-07,signal_to_shifted_exit_or_latest_close,True,20,Price reclaims the 50-day moving average while above the 200-day average.,2.1989,0.0557,0.4013,-0.3455,-0.0983,0.086,48.6081,-46.4092,172.0,0.4012,0.0109,-0.0062,-0.0718,0.3997,False,True,True,
ANET,ma50_reclaim_bullish,vectorbt,"EOD signal, next-bar execution: entries/exits shifted 1 trading day to avoid same-close look-ahead.",ma50_reclaim_bullish,close_below_ma50,67,67,2014-06-06,2026-07-07,signal_to_shifted_exit_or_latest_close,True,20,Price reclaims the 50-day moving average while above the 200-day average.,0.8512,0.0524,0.3267,-0.5278,-0.2235,0.2039,47.4247,-46.5735,67.0,0.4925,0.016,-0.0004,-0.141,0.5249,False,False,True,
ANET,ma20_reclaim_bullish,vectorbt,"EOD signal, next-bar execution: entries/exits shifted 1 trading day to avoid same-close look-ahead.",ma20_reclaim_bullish,close_below_ma20,86,86,2014-06-06,2026-07-07,signal_to_shifted_exit_or_latest_close,True,20,Price reclaims the 20-day moving average while above the 50-day average.,0.0877,0.007,0.1405,-0.4757,-0.2235,0.111,47.4247,-47.337,86.0,0.4535,0.0056,-0.0011,-0.1413,0.4261,False,False,True,
ANET,momentum_leader,vectorbt,"EOD signal, next-bar execution: entries/exits shifted 1 trading day to avoid same-close look-ahead.",momentum_leader,close_below_ma20,872,871,2014-06-06,2026-07-07,signal_to_shifted_exit_or_latest_close,True,20,Above 20/50/200-day averages with positive 20-day momentum and non-overheated RSI.,0.075,0.006,0.1462,-0.4949,-0.2235,0.2039,47.4247,-47.3497,87.0,0.4368,0.0067,-0.0026,-0.1467,0.4425,True,False,False,
ANET,pullback_reclaim_5dma,vectorbt,"EOD signal, next-bar execution: entries/exits shifted 1 trading day to avoid same-close look-ahead.",pullback_reclaim_5dma,close_below_ma20,40,40,2014-06-06,2026-07-07,signal_to_shifted_exit_or_latest_close,True,20,Short pullback followed by a 5-day moving-average reclaim.,-0.0373,-0.0031,-0.0623,-0.1291,-0.0708,0.082,47.4247,-47.462,40.0,0.55,0.0022,0.0043,-0.0599,0.0506,False,False,False,
SMH,momentum_leader,vectorbt,"EOD signal, next-bar execution: entries/exits shifted 1 trading day to avoid same-close look-ahead.",momentum_leader,close_below_ma20,1169,1169,2005-01-03,2026-07-07,signal_to_shifted_exit_or_latest_close,True,20,Above 20/50/200-day averages with positive 20-day momentum and non-overheated RSI.,0.9745,0.0322,0.3015,-0.3422,-0.0983,0.0683,48.6081,-47.6336,117.0,0.4786,0.0096,-0.0032,-0.1,0.3152,False,True,False,
SMH,ma20_reclaim_bullish,vectorbt,"EOD signal, next-bar execution: entries/exits shifted 1 trading day to avoid same-close look-ahead.",ma20_reclaim_bullish,close_below_ma20,204,204,2005-01-03,2026-07-07,signal_to_shifted_exit_or_latest_close,True,20,Price reclaims the 20-day moving average while above the 50-day average.,-0.0415,-0.002,0.0536,-0.4708,-0.0983,0.0683,48.6081,-48.6496,204.0,0.4167,0.0027,-0.0056,-0.097,0.2913,False,True,False,
SMH,pullback_reclaim_5dma,vectorbt,"EOD signal, next-bar execution: entries/exits shifted 1 trading day to avoid same-close look-ahead.",pullback_reclaim_5dma,close_below_ma20,26,26,2005-01-03,2026-07-07,signal_to_shifted_exit_or_latest_close,True,20,Short pullback followed by a 5-day moving-average reclaim.,-0.0938,-0.0046,-0.2355,-0.1159,-0.054,0.027,48.6081,-48.7019,26.0,0.4231,-0.0051,-0.0042,-0.097,0.0564,False,True,False,
MU,ma50_reclaim_bullish,vectorbt,"EOD signal, next-bar execution: entries/exits shifted 1 trading day to avoid same-close look-ahead.",ma50_reclaim_bullish,close_below_ma50,90,90,2005-01-03,2026-07-07,signal_to_shifted_exit_or_latest_close,True,20,Price reclaims the 50-day moving average while above the 200-day average.,14.1408,0.135,0.6131,-0.5839,-0.1368,0.1929,79.2055,-65.0647,90.0,0.3889,0.0557,-0.0158,-0.0943,2.2746,False,False,True,
GOOGL,ma50_reclaim_bullish,vectorbt,"EOD signal, next-bar execution: entries/exits shifted 1 trading day to avoid same-close look-ahead.",ma50_reclaim_bullish,close_below_ma50,116,116,2005-01-03,2026-07-07,signal_to_shifted_exit_or_latest_close,True,20,Price reclaims the 50-day moving average while above the 200-day average.,5.1023,0.0879,0.5918,-0.3214,-0.0951,0.1626,71.845,-66.7427,116.0,0.4397,0.0209,-0.0066,-0.0798,0.4292,False,True,False,
GOOGL,ma20_reclaim_bullish,vectorbt,"EOD signal, next-bar execution: entries/exits shifted 1 trading day to avoid same-close look-ahead.",ma20_reclaim_bullish,close_below_ma20,150,150,2005-01-03,2026-07-07,signal_to_shifted_exit_or_latest_close,True,20,Price reclaims the 20-day moving average while above the 50-day average.,2.452,0.0594,0.4843,-0.2783,-0.0951,0.1626,71.845,-69.393,150.0,0.4733,0.0117,-0.0016,-0.1028,0.38,False,False,False,
MU,momentum_leader,vectorbt,"EOD signal, next-bar execution: entries/exits shifted 1 trading day to avoid same-close look-ahead.",momentum_leader,close_below_ma20,1265,1265,2005-01-03,2026-07-07,signal_to_shifted_exit_or_latest_close,True,20,Above 20/50/200-day averages with positive 20-day momentum and non-overheated RSI.,9.1019,0.1138,0.5504,-0.499,-0.1377,0.1929,79.2055,-70.1036,118.0,0.4322,0.0296,-0.0084,-0.1433,0.8598,False,True,False,
GOOGL,momentum_leader,vectorbt,"EOD signal, next-bar execution: entries/exits shifted 1 trading day to avoid same-close look-ahead.",momentum_leader,close_below_ma20,1173,1173,2005-01-03,2026-07-07,signal_to_shifted_exit_or_latest_close,True,20,Above 20/50/200-day averages with positive 20-day momentum and non-overheated RSI.,1.0432,0.0338,0.3028,-0.4101,-0.0951,0.1626,71.845,-70.8018,108.0,0.4537,0.0106,-0.0034,-0.1148,0.2894,False,False,False,
GOOGL,pullback_reclaim_5dma,vectorbt,"EOD signal, next-bar execution: entries/exits shifted 1 trading day to avoid same-close look-ahead.",pullback_reclaim_5dma,close_below_ma20,21,21,2005-01-03,2026-07-07,signal_to_shifted_exit_or_latest_close,True,20,Short pullback followed by a 5-day moving-average reclaim.,0.0593,0.0027,0.1329,-0.0914,-0.0313,0.0722,71.845,-71.7857,21.0,0.381,0.0017,-0.0046,-0.0448,0.0951,False,False,False,
MU,pullback_reclaim_5dma,vectorbt,"EOD signal, next-bar execution: entries/exits shifted 1 trading day to avoid same-close look-ahead.",pullback_reclaim_5dma,close_below_ma20,92,92,2005-01-03,2026-07-07,signal_to_shifted_exit_or_latest_close,True,20,Short pullback followed by a 5-day moving-average reclaim.,0.0998,0.0044,0.0949,-0.3076,-0.1325,0.1929,79.2055,-79.1057,90.0,0.4889,0.0129,-0.0019,-0.184,0.4747,False,True,False,
MU,ma20_reclaim_bullish,vectorbt,"EOD signal, next-bar execution: entries/exits shifted 1 trading day to avoid same-close look-ahead.",ma20_reclaim_bullish,close_below_ma20,140,140,2005-01-03,2026-07-07,signal_to_shifted_exit_or_latest_close,True,20,Price reclaims the 20-day moving average while above the 50-day average.,-0.025,-0.0012,0.0968,-0.5152,-0.1377,0.1559,79.2055,-79.2305,140.0,0.4214,0.0062,-0.0095,-0.1512,0.7208,False,True,False,
PWR,ma20_reclaim_bullish,vectorbt,"EOD signal, next-bar execution: entries/exits shifted 1 trading day to avoid same-close look-ahead.",ma20_reclaim_bullish,close_below_ma20,159,159,2005-01-03,2026-07-07,signal_to_shifted_exit_or_latest_close,True,20,Price reclaims the 20-day moving average while above the 50-day average.,1.7073,0.0475,0.3472,-0.6404,-0.285,0.1578,82.1018,-80.3945,159.0,0.434,0.0103,-0.0042,-0.2198,0.3104,False,True,False,
PWR,ma50_reclaim_bullish,vectorbt,"EOD signal, next-bar execution: entries/exits shifted 1 trading day to avoid same-close look-ahead.",ma50_reclaim_bullish,close_below_ma50,113,113,2005-01-03,2026-07-07,signal_to_shifted_exit_or_latest_close,True,20,Price reclaims the 50-day moving average while above the 200-day average.,1.1222,0.0357,0.2772,-0.736,-0.1832,0.1578,82.1018,-80.9796,113.0,0.3982,0.0138,-0.0129,-0.1341,0.58,False,True,False,
PWR,momentum_leader,vectorbt,"EOD signal, next-bar execution: entries/exits shifted 1 trading day to avoid same-close look-ahead.",momentum_leader,close_below_ma20,1277,1277,2005-01-03,2026-07-07,signal_to_shifted_exit_or_latest_close,True,20,Above 20/50/200-day averages with positive 20-day momentum and non-overheated RSI.,0.564,0.0211,0.2088,-0.7222,-0.0912,0.1578,82.1018,-81.5378,121.0,0.4463,0.0085,-0.0075,-0.156,0.3466,False,True,False,
PWR,pullback_reclaim_5dma,vectorbt,"EOD signal, next-bar execution: entries/exits shifted 1 trading day to avoid same-close look-ahead.",pullback_reclaim_5dma,close_below_ma20,51,51,2005-01-03,2026-07-07,signal_to_shifted_exit_or_latest_close,True,20,Short pullback followed by a 5-day moving-average reclaim.,-0.0311,-0.0015,-0.0352,-0.1187,-0.0544,0.0566,82.1018,-82.1329,51.0,0.549,0.006,0.0014,-0.1168,0.2223,False,True,False,
KLAC,ma50_reclaim_bullish,vectorbt,"EOD signal, next-bar execution: entries/exits shifted 1 trading day to avoid same-close look-ahead.",ma50_reclaim_bullish,close_below_ma50,132,132,2005-01-03,2026-07-07,signal_to_shifted_exit_or_latest_close,True,20,Price reclaims the 50-day moving average while above the 200-day average.,6.7979,0.1004,0.5356,-0.3392,-0.1524,0.1292,90.0599,-83.262,132.0,0.5227,0.0218,0.002,-0.1187,0.5104,False,False,True,
KLAC,pullback_reclaim_5dma,vectorbt,"EOD signal, next-bar execution: entries/exits shifted 1 trading day to avoid same-close look-ahead.",pullback_reclaim_5dma,close_below_ma20,45,45,2005-01-03,2026-07-07,signal_to_shifted_exit_or_latest_close,True,20,Short pullback followed by a 5-day moving-average reclaim.,0.4816,0.0185,0.3362,-0.1191,-0.0672,0.0797,90.0599,-89.5783,45.0,0.6222,0.0159,0.0065,-0.105,0.2026,False,True,False,
KLAC,ma20_reclaim_bullish,vectorbt,"EOD signal, next-bar execution: entries/exits shifted 1 trading day to avoid same-close look-ahead.",ma20_reclaim_bullish,close_below_ma20,159,159,2005-01-03,2026-07-07,signal_to_shifted_exit_or_latest_close,True,20,Price reclaims the 20-day moving average while above the 50-day average.,-0.1362,-0.0068,0.0566,-0.4904,-0.1524,0.1879,90.0599,-90.1961,159.0,0.4151,0.0026,-0.0079,-0.1132,0.2965,False,True,False,
KLAC,momentum_leader,vectorbt,"EOD signal, next-bar execution: entries/exits shifted 1 trading day to avoid same-close look-ahead.",momentum_leader,close_below_ma20,1305,1305,2005-01-03,2026-07-07,signal_to_shifted_exit_or_latest_close,True,20,Above 20/50/200-day averages with positive 20-day momentum and non-overheated RSI.,-0.5133,-0.033,-0.0743,-0.7008,-0.1524,0.1292,90.0599,-90.5732,131.0,0.4198,-0.0017,-0.0066,-0.1507,0.2026,False,True,False,
AMZN,ma50_reclaim_bullish,vectorbt,"EOD signal, next-bar execution: entries/exits shifted 1 trading day to avoid same-close look-ahead.",ma50_reclaim_bullish,close_below_ma50,114,114,2005-01-03,2026-07-07,signal_to_shifted_exit_or_latest_close,True,20,Price reclaims the 50-day moving average while above the 200-day average.,13.7764,0.1337,0.6841,-0.3748,-0.1266,0.2695,109.5031,-95.7267,114.0,0.4649,0.0344,-0.0065,-0.1336,1.2338,False,True,False,
TSM,momentum_leader,vectorbt,"EOD signal, next-bar execution: entries/exits shifted 1 trading day to avoid same-close look-ahead.",momentum_leader,close_below_ma20,1378,1378,2005-01-03,2026-07-07,signal_to_shifted_exit_or_latest_close,True,20,Above 20/50/200-day averages with positive 20-day momentum and non-overheated RSI.,1.6316,0.0461,0.3412,-0.5459,-0.1333,0.1265,100.31,-98.6784,128.0,0.4922,0.012,-0.0005,-0.0948,0.422,False,True,False,
TSM,ma50_reclaim_bullish,vectorbt,"EOD signal, next-bar execution: entries/exits shifted 1 trading day to avoid same-close look-ahead.",ma50_reclaim_bullish,close_below_ma50,126,126,2005-01-03,2026-07-07,signal_to_shifted_exit_or_latest_close,True,20,Price reclaims the 50-day moving average while above the 200-day average.,0.5986,0.0221,0.212,-0.4625,-0.1333,0.12,100.31,-99.7114,126.0,0.381,0.0078,-0.0108,-0.1057,0.4005,False,False,True,
TSM,ma20_reclaim_bullish,vectorbt,"EOD signal, next-bar execution: entries/exits shifted 1 trading day to avoid same-close look-ahead.",ma20_reclaim_bullish,close_below_ma20,166,166,2005-01-03,2026-07-07,signal_to_shifted_exit_or_latest_close,True,20,Price reclaims the 20-day moving average while above the 50-day average.,0.3854,0.0153,0.1741,-0.4887,-0.1333,0.0983,100.31,-99.9246,166.0,0.4398,0.0054,-0.0014,-0.0823,0.422,False,True,True,
TSM,pullback_reclaim_5dma,vectorbt,"EOD signal, next-bar execution: entries/exits shifted 1 trading day to avoid same-close look-ahead.",pullback_reclaim_5dma,close_below_ma20,41,41,2005-01-03,2026-07-07,signal_to_shifted_exit_or_latest_close,True,20,Short pullback followed by a 5-day moving-average reclaim.,-0.0336,-0.0016,-0.0312,-0.1123,-0.0669,0.0694,100.31,-100.3436,41.0,0.5366,0.0007,0.0025,-0.0802,0.0865,False,True,False,
AMZN,ma20_reclaim_bullish,vectorbt,"EOD signal, next-bar execution: entries/exits shifted 1 trading day to avoid same-close look-ahead.",ma20_reclaim_bullish,close_below_ma20,152,152,2005-01-03,2026-07-07,signal_to_shifted_exit_or_latest_close,True,20,Price reclaims the 20-day moving average while above the 50-day average.,2.3143,0.0574,0.3968,-0.3113,-0.1391,0.268,109.5031,-107.1888,152.0,0.4671,0.0123,-0.0018,-0.1423,0.4407,False,False,False,
AMZN,momentum_leader,vectorbt,"EOD signal, next-bar execution: entries/exits shifted 1 trading day to avoid same-close look-ahead.",momentum_leader,close_below_ma20,1307,1307,2005-01-03,2026-07-07,signal_to_shifted_exit_or_latest_close,True,20,Above 20/50/200-day averages with positive 20-day momentum and non-overheated RSI.,0.6061,0.0223,0.2076,-0.4433,-0.1391,0.2695,109.5031,-108.897,122.0,0.4098,0.0098,-0.0087,-0.1423,0.7095,False,False,False,
AMZN,pullback_reclaim_5dma,vectorbt,"EOD signal, next-bar execution: entries/exits shifted 1 trading day to avoid same-close look-ahead.",pullback_reclaim_5dma,close_below_ma20,45,45,2005-01-03,2026-07-07,signal_to_shifted_exit_or_latest_close,True,20,Short pullback followed by a 5-day moving-average reclaim.,-0.1213,-0.006,-0.0973,-0.327,-0.1472,0.0458,109.5031,-109.6244,44.0,0.4773,0.0007,-0.0003,-0.1415,0.2189,False,False,False,
LRCX,ma50_reclaim_bullish,vectorbt,"EOD signal, next-bar execution: entries/exits shifted 1 trading day to avoid same-close look-ahead.",ma50_reclaim_bullish,close_below_ma50,127,127,2005-01-03,2026-07-07,signal_to_shifted_exit_or_latest_close,True,20,Price reclaims the 50-day moving average while above the 200-day average.,11.4585,0.1247,0.6014,-0.4419,-0.1461,0.1443,137.1323,-125.6738,127.0,0.4488,0.0277,-0.0061,-0.1163,0.5301,False,False,True,
LRCX,momentum_leader,vectorbt,"EOD signal, next-bar execution: entries/exits shifted 1 trading day to avoid same-close look-ahead.",momentum_leader,close_below_ma20,1401,1401,2005-01-03,2026-07-07,signal_to_shifted_exit_or_latest_close,True,20,Above 20/50/200-day averages with positive 20-day momentum and non-overheated RSI.,1.2593,0.0387,0.2921,-0.4004,-0.1019,0.1265,137.1323,-135.873,118.0,0.5,0.0113,0.0011,-0.1074,0.3083,False,True,False,
LRCX,ma20_reclaim_bullish,vectorbt,"EOD signal, next-bar execution: entries/exits shifted 1 trading day to avoid same-close look-ahead.",ma20_reclaim_bullish,close_below_ma20,138,138,2005-01-03,2026-07-07,signal_to_shifted_exit_or_latest_close,True,20,Price reclaims the 20-day moving average while above the 50-day average.,0.3143,0.0128,0.1627,-0.5821,-0.1168,0.1379,137.1323,-136.818,138.0,0.4855,0.006,-0.0036,-0.1096,0.3143,False,True,False,
LRCX,pullback_reclaim_5dma,vectorbt,"EOD signal, next-bar execution: entries/exits shifted 1 trading day to avoid same-close look-ahead.",pullback_reclaim_5dma,close_below_ma20,52,52,2005-01-03,2026-07-07,signal_to_shifted_exit_or_latest_close,True,20,Short pullback followed by a 5-day moving-average reclaim.,-0.1707,-0.0087,-0.1754,-0.2199,-0.0883,0.0693,137.1323,-137.303,52.0,0.4808,0.0012,-0.0003,-0.1112,0.078,False,True,False,
ASML,ma50_reclaim_bullish,vectorbt,"EOD signal, next-bar execution: entries/exits shifted 1 trading day to avoid same-close look-ahead.",ma50_reclaim_bullish,close_below_ma50,133,133,2005-01-03,2026-07-07,signal_to_shifted_exit_or_latest_close,True,20,Price reclaims the 50-day moving average while above the 200-day average.,13.8706,0.134,0.6766,-0.4489,-0.1274,0.3141,208.2029,-194.3323,133.0,0.4662,0.0276,-0.0027,-0.093,0.8735,False,False,True,
ASML,momentum_leader,vectorbt,"EOD signal, next-bar execution: entries/exits shifted 1 trading day to avoid same-close look-ahead.",momentum_leader,close_below_ma20,1438,1438,2005-01-03,2026-07-07,signal_to_shifted_exit_or_latest_close,True,20,Above 20/50/200-day averages with positive 20-day momentum and non-overheated RSI.,4.647,0.084,0.5086,-0.3399,-0.1274,0.3141,208.2029,-203.5559,111.0,0.5495,0.0214,0.0105,-0.1181,0.6182,False,True,False,
ASML,ma20_reclaim_bullish,vectorbt,"EOD signal, next-bar execution: entries/exits shifted 1 trading day to avoid same-close look-ahead.",ma20_reclaim_bullish,close_below_ma20,130,130,2005-01-03,2026-07-07,signal_to_shifted_exit_or_latest_close,True,20,Price reclaims the 20-day moving average while above the 50-day average.,2.3657,0.0582,0.3995,-0.3861,-0.1274,0.3141,208.2029,-205.8372,130.0,0.4769,0.0152,-0.0056,-0.1181,0.6182,False,True,False,
ASML,pullback_reclaim_5dma,vectorbt,"EOD signal, next-bar execution: entries/exits shifted 1 trading day to avoid same-close look-ahead.",pullback_reclaim_5dma,close_below_ma20,47,47,2005-01-03,2026-07-07,signal_to_shifted_exit_or_latest_close,True,20,Short pullback followed by a 5-day moving-average reclaim.,-0.0223,-0.001,-0.0184,-0.1347,-0.08,0.0535,208.2029,-208.2252,47.0,0.5319,-0.0028,0.0026,-0.0725,0.0584,False,True,False,
TSLA,momentum_leader,vectorbt,"EOD signal, next-bar execution: entries/exits shifted 1 trading day to avoid same-close look-ahead.",momentum_leader,close_below_ma20,937,937,2010-06-29,2026-07-07,signal_to_shifted_exit_or_latest_close,True,20,Above 20/50/200-day averages with positive 20-day momentum and non-overheated RSI.,21.0375,0.2135,0.7806,-0.3796,-0.2106,0.244,251.972,-230.9345,86.0,0.4302,0.0547,-0.007,-0.1378,1.2247,False,False,False,
TSLA,ma50_reclaim_bullish,vectorbt,"EOD signal, next-bar execution: entries/exits shifted 1 trading day to avoid same-close look-ahead.",ma50_reclaim_bullish,close_below_ma50,87,87,2010-06-29,2026-07-07,signal_to_shifted_exit_or_latest_close,True,20,Price reclaims the 50-day moving average while above the 200-day average.,6.9413,0.1384,0.5604,-0.7318,-0.2106,0.244,251.972,-245.0307,87.0,0.3678,0.064,-0.0127,-0.2095,3.5734,False,True,True,
TSLA,ma20_reclaim_bullish,vectorbt,"EOD signal, next-bar execution: entries/exits shifted 1 trading day to avoid same-close look-ahead.",ma20_reclaim_bullish,close_below_ma20,90,90,2010-06-29,2026-07-07,signal_to_shifted_exit_or_latest_close,True,20,Price reclaims the 20-day moving average while above the 50-day average.,3.7363,0.1022,0.505,-0.4647,-0.2106,0.1989,251.972,-248.2357,90.0,0.4222,0.0285,-0.0113,-0.1509,0.9251,False,False,False,
TSLA,pullback_reclaim_5dma,vectorbt,"EOD signal, next-bar execution: entries/exits shifted 1 trading day to avoid same-close look-ahead.",pullback_reclaim_5dma,close_below_ma20,105,105,2010-06-29,2026-07-07,signal_to_shifted_exit_or_latest_close,True,20,Short pullback followed by a 5-day moving-average reclaim.,0.2764,0.0154,0.181,-0.3513,-0.129,0.1434,251.972,-251.6956,100.0,0.5,0.0037,0.0,-0.2022,0.4782,False,False,False,
AVGO,ma50_reclaim_bullish,vectorbt,"EOD signal, next-bar execution: entries/exits shifted 1 trading day to avoid same-close look-ahead.",ma50_reclaim_bullish,close_below_ma50,148,148,2009-08-06,2026-07-07,signal_to_shifted_exit_or_latest_close,True,20,Price reclaims the 50-day moving average while above the 200-day average.,3.4614,0.0927,0.4666,-0.4774,-0.174,0.2443,320.9355,-317.4741,148.0,0.4122,0.0171,-0.0107,-0.1174,0.7866,False,True,False,
AVGO,momentum_leader,vectorbt,"EOD signal, next-bar execution: entries/exits shifted 1 trading day to avoid same-close look-ahead.",momentum_leader,close_below_ma20,1231,1231,2009-08-06,2026-07-07,signal_to_shifted_exit_or_latest_close,True,20,Above 20/50/200-day averages with positive 20-day momentum and non-overheated RSI.,1.209,0.0481,0.3333,-0.3712,-0.174,0.1471,320.9355,-319.7265,105.0,0.4476,0.0123,-0.0033,-0.1393,0.4047,False,True,False,
AVGO,ma20_reclaim_bullish,vectorbt,"EOD signal, next-bar execution: entries/exits shifted 1 trading day to avoid same-close look-ahead.",ma20_reclaim_bullish,close_below_ma20,132,132,2009-08-06,2026-07-07,signal_to_shifted_exit_or_latest_close,True,20,Price reclaims the 20-day moving average while above the 50-day average.,0.4277,0.0213,0.2059,-0.3926,-0.174,0.1471,320.9355,-320.5078,132.0,0.4242,0.0069,-0.004,-0.1371,0.359,False,True,False,
AVGO,pullback_reclaim_5dma,vectorbt,"EOD signal, next-bar execution: entries/exits shifted 1 trading day to avoid same-close look-ahead.",pullback_reclaim_5dma,close_below_ma20,31,31,2009-08-06,2026-07-07,signal_to_shifted_exit_or_latest_close,True,20,Short pullback followed by a 5-day moving-average reclaim.,0.0401,0.0023,0.0861,-0.0947,-0.0366,0.0701,320.9355,-320.8954,31.0,0.4839,0.0114,-0.0002,-0.0759,0.2178,False,True,False,
AAPL,ma50_reclaim_bullish,vectorbt,"EOD signal, next-bar execution: entries/exits shifted 1 trading day to avoid same-close look-ahead.",ma50_reclaim_bullish,close_below_ma50,132,132,2005-01-03,2026-07-07,signal_to_shifted_exit_or_latest_close,True,20,Price reclaims the 50-day moving average while above the 200-day average.,5.9361,0.0944,0.6119,-0.3445,-0.0801,0.1047,326.9505,-321.0144,132.0,0.4167,0.0214,-0.0059,-0.0761,0.6082,False,False,True,
AAPL,momentum_leader,vectorbt,"EOD signal, next-bar execution: entries/exits shifted 1 trading day to avoid same-close look-ahead.",momentum_leader,close_below_ma20,1382,1382,2005-01-03,2026-07-07,signal_to_shifted_exit_or_latest_close,True,20,Above 20/50/200-day averages with positive 20-day momentum and non-overheated RSI.,5.5987,0.0919,0.6685,-0.2725,-0.0801,0.0726,326.9505,-321.3518,113.0,0.4867,0.0218,-0.0027,-0.1165,0.432,False,False,False,
AAPL,ma20_reclaim_bullish,vectorbt,"EOD signal, next-bar execution: entries/exits shifted 1 trading day to avoid same-close look-ahead.",ma20_reclaim_bullish,close_below_ma20,139,139,2005-01-03,2026-07-07,signal_to_shifted_exit_or_latest_close,True,20,Price reclaims the 20-day moving average while above the 50-day average.,5.3432,0.0899,0.6938,-0.2622,-0.093,0.1047,326.9505,-321.6073,139.0,0.4532,0.0177,-0.0036,-0.0921,0.4633,False,False,False,
AAPL,pullback_reclaim_5dma,vectorbt,"EOD signal, next-bar execution: entries/exits shifted 1 trading day to avoid same-close look-ahead.",pullback_reclaim_5dma,close_below_ma20,38,38,2005-01-03,2026-07-07,signal_to_shifted_exit_or_latest_close,True,20,Short pullback followed by a 5-day moving-average reclaim.,0.206,0.0088,0.2774,-0.1386,-0.0585,0.0677,326.9505,-326.7445,38.0,0.4737,0.0078,-0.0034,-0.052,0.2084,False,False,False,
NVDA,ma50_reclaim_bullish,vectorbt,"EOD signal, next-bar execution: entries/exits shifted 1 trading day to avoid same-close look-ahead.",ma50_reclaim_bullish,close_below_ma50,125,125,2005-01-03,2026-07-07,signal_to_shifted_exit_or_latest_close,True,20,Price reclaims the 50-day moving average while above the 200-day average.,50.2504,0.2013,0.7876,-0.5995,-0.1697,0.2981,1093.243,-1042.9926,125.0,0.4,0.0534,-0.0133,-0.1436,2.3692,False,True,False,
NVDA,momentum_leader,vectorbt,"EOD signal, next-bar execution: entries/exits shifted 1 trading day to avoid same-close look-ahead.",momentum_leader,close_below_ma20,1526,1526,2005-01-03,2026-07-07,signal_to_shifted_exit_or_latest_close,True,20,Above 20/50/200-day averages with positive 20-day momentum and non-overheated RSI.,34.4749,0.1809,0.7923,-0.5226,-0.1388,0.2968,1093.243,-1058.7681,125.0,0.48,0.0395,-0.0029,-0.2074,0.8885,False,True,False,
NVDA,ma20_reclaim_bullish,vectorbt,"EOD signal, next-bar execution: entries/exits shifted 1 trading day to avoid same-close look-ahead.",ma20_reclaim_bullish,close_below_ma20,159,159,2005-01-03,2026-07-07,signal_to_shifted_exit_or_latest_close,True,20,Price reclaims the 20-day moving average while above the 50-day average.,5.3306,0.0898,0.4947,-0.5095,-0.1388,0.2968,1093.243,-1087.9124,159.0,0.4214,0.019,-0.0098,-0.2074,0.916,False,True,False,
NVDA,pullback_reclaim_5dma,vectorbt,"EOD signal, next-bar execution: entries/exits shifted 1 trading day to avoid same-close look-ahead.",pullback_reclaim_5dma,close_below_ma20,72,72,2005-01-03,2026-07-07,signal_to_shifted_exit_or_latest_close,True,20,Short pullback followed by a 5-day moving-average reclaim.,-0.0141,-0.0007,0.0023,-0.1317,-0.0688,0.069,1093.243,-1093.2571,72.0,0.5833,0.0182,0.0062,-0.0991,0.6481,False,True,False,
SNOW,ma50_reclaim_bullish,vectorbt,"EOD signal, next-bar execution: entries/exits shifted 1 trading day to avoid same-close look-ahead.",ma50_reclaim_bullish,close_below_ma50,15,15,2020-09-16,2026-07-07,signal_to_shifted_exit_or_latest_close,False,20,Price reclaims the 50-day moving average while above the 200-day average.,0.0233,0.004,0.1247,-0.3035,-0.1814,0.1343,0.0347,-0.0114,15.0,0.3333,0.0085,-0.0213,-0.1027,0.3162,False,False,False,
TLT,pullback_reclaim_5dma,vectorbt,"EOD signal, next-bar execution: entries/exits shifted 1 trading day to avoid same-close look-ahead.",pullback_reclaim_5dma,close_below_ma20,2,2,2005-01-03,2026-07-07,signal_to_shifted_exit_or_latest_close,False,20,Short pullback followed by a 5-day moving-average reclaim.,-0.0583,-0.0028,-0.2196,-0.0583,-0.0574,0.0,0.9229,-0.9812,2.0,0.0,-0.0397,-0.0397,-0.0564,-0.023,False,True,False,
ARM,ma20_reclaim_bullish,vectorbt,"EOD signal, next-bar execution: entries/exits shifted 1 trading day to avoid same-close look-ahead.",ma20_reclaim_bullish,close_below_ma20,17,17,2023-09-14,2026-07-07,signal_to_shifted_exit_or_latest_close,False,20,Price reclaims the 20-day moving average while above the 50-day average.,1.6182,0.412,0.8817,-0.4181,-0.1946,0.4789,3.7245,-2.1063,17.0,0.2353,0.1124,-0.0503,-0.1247,1.6662,False,True,False,
ARM,pullback_reclaim_5dma,vectorbt,"EOD signal, next-bar execution: entries/exits shifted 1 trading day to avoid same-close look-ahead.",pullback_reclaim_5dma,close_below_ma20,19,19,2023-09-14,2026-07-07,signal_to_shifted_exit_or_latest_close,False,20,Short pullback followed by a 5-day moving-average reclaim.,0.397,0.1273,0.5398,-0.2535,-0.1284,0.1616,3.7245,-3.3275,18.0,0.3889,0.0288,-0.0105,-0.0663,0.6837,False,True,False,
ARM,ma50_reclaim_bullish,vectorbt,"EOD signal, next-bar execution: entries/exits shifted 1 trading day to avoid same-close look-ahead.",ma50_reclaim_bullish,close_below_ma50,8,8,2023-09-14,2026-07-07,signal_to_shifted_exit_or_latest_close,False,20,Price reclaims the 50-day moving average while above the 200-day average.,-0.2817,-0.1119,-0.3916,-0.3829,-0.1019,0.1593,3.7245,-4.0062,8.0,0.25,-0.038,-0.0482,-0.0773,0.0177,False,True,False,
USMV,pullback_reclaim_5dma,vectorbt,"EOD signal, next-bar execution: entries/exits shifted 1 trading day to avoid same-close look-ahead.",pullback_reclaim_5dma,close_below_ma20,4,4,2011-10-20,2026-07-07,signal_to_shifted_exit_or_latest_close,False,20,Short pullback followed by a 5-day moving-average reclaim.,0.0,0.0,,0.0,0.0,0.0,4.1147,-4.1147,4.0,1.0,0.0357,0.0302,0.0126,0.0697,False,False,False,
XLP,pullback_reclaim_5dma,vectorbt,"EOD signal, next-bar execution: entries/exits shifted 1 trading day to avoid same-close look-ahead.",pullback_reclaim_5dma,close_below_ma20,3,3,2005-01-03,2026-07-07,signal_to_shifted_exit_or_latest_close,False,20,Short pullback followed by a 5-day moving-average reclaim.,0.0,0.0,,0.0,0.0,0.0,5.4112,-5.4112,3.0,0.3333,-0.0091,-0.0047,-0.0334,0.0106,False,False,False,
XLU,pullback_reclaim_5dma,vectorbt,"EOD signal, next-bar execution: entries/exits shifted 1 trading day to avoid same-close look-ahead.",pullback_reclaim_5dma,close_below_ma20,10,10,2005-01-03,2026-07-07,signal_to_shifted_exit_or_latest_close,False,20,Short pullback followed by a 5-day moving-average reclaim.,0.0,0.0,,0.0,0.0,0.0,5.9451,-5.9451,10.0,0.6,-0.0017,0.0028,-0.0862,0.0852,False,False,False,
GRID,pullback_reclaim_5dma,vectorbt,"EOD signal, next-bar execution: entries/exits shifted 1 trading day to avoid same-close look-ahead.",pullback_reclaim_5dma,close_below_ma20,13,13,2009-11-17,2026-07-07,signal_to_shifted_exit_or_latest_close,False,20,Short pullback followed by a 5-day moving-average reclaim.,0.0,0.0,,0.0,0.0,0.0,6.263,-6.263,13.0,0.3846,-0.0043,-0.0062,-0.0395,0.036,False,True,False,
XLV,pullback_reclaim_5dma,vectorbt,"EOD signal, next-bar execution: entries/exits shifted 1 trading day to avoid same-close look-ahead.",pullback_reclaim_5dma,close_below_ma20,4,4,2005-01-03,2026-07-07,signal_to_shifted_exit_or_latest_close,False,20,Short pullback followed by a 5-day moving-average reclaim.,0.0,0.0,,0.0,0.0,0.0,6.9316,-6.9316,4.0,0.75,0.0236,0.0169,-0.0057,0.0664,False,False,False,
GLD,pullback_reclaim_5dma,vectorbt,"EOD signal, next-bar execution: entries/exits shifted 1 trading day to avoid same-close look-ahead.",pullback_reclaim_5dma,close_below_ma20,6,6,2005-01-03,2026-07-07,signal_to_shifted_exit_or_latest_close,False,20,Short pullback followed by a 5-day moving-average reclaim.,-0.0624,-0.003,-0.1647,-0.0889,-0.0743,0.0246,7.7748,-7.8372,6.0,0.5,-0.0043,-0.0012,-0.0605,0.0351,False,True,False,
SPY,pullback_reclaim_5dma,vectorbt,"EOD signal, next-bar execution: entries/exits shifted 1 trading day to avoid same-close look-ahead.",pullback_reclaim_5dma,close_below_ma20,2,2,2005-01-03,2026-07-07,signal_to_shifted_exit_or_latest_close,False,20,Short pullback followed by a 5-day moving-average reclaim.,0.0,0.0,,0.0,0.0,0.0,8.2169,-8.2169,2.0,1.0,0.0212,0.0212,0.0004,0.042,False,False,False,
QQQ,pullback_reclaim_5dma,vectorbt,"EOD signal, next-bar execution: entries/exits shifted 1 trading day to avoid same-close look-ahead.",pullback_reclaim_5dma,close_below_ma20,8,8,2005-01-03,2026-07-07,signal_to_shifted_exit_or_latest_close,False,20,Short pullback followed by a 5-day moving-average reclaim.,0.0,0.0,,0.0,0.0,0.0,20.0781,-20.0781,8.0,0.625,0.0043,0.0026,-0.0276,0.0288,False,True,False,
XLK,pullback_reclaim_5dma,vectorbt,"EOD signal, next-bar execution: entries/exits shifted 1 trading day to avoid same-close look-ahead.",pullback_reclaim_5dma,close_below_ma20,12,12,2005-01-03,2026-07-07,signal_to_shifted_exit_or_latest_close,False,20,Short pullback followed by a 5-day moving-average reclaim.,0.0,0.0,,0.0,0.0,0.0,21.4609,-21.4609,12.0,0.8333,0.0174,0.0144,-0.0122,0.0681,False,True,False,
IGM,pullback_reclaim_5dma,vectorbt,"EOD signal, next-bar execution: entries/exits shifted 1 trading day to avoid same-close look-ahead.",pullback_reclaim_5dma,close_below_ma20,13,13,2005-01-03,2026-07-07,signal_to_shifted_exit_or_latest_close,False,20,Short pullback followed by a 5-day moving-average reclaim.,0.0,0.0,,0.0,0.0,0.0,21.6709,-21.6709,13.0,0.5385,0.0042,0.001,-0.0413,0.0648,False,True,False,
VGT,pullback_reclaim_5dma,vectorbt,"EOD signal, next-bar execution: entries/exits shifted 1 trading day to avoid same-close look-ahead.",pullback_reclaim_5dma,close_below_ma20,13,13,2005-01-03,2026-07-07,signal_to_shifted_exit_or_latest_close,False,20,Short pullback followed by a 5-day moving-average reclaim.,0.0,0.0,,0.0,0.0,0.0,22.4228,-22.4228,13.0,0.6923,0.0127,0.0021,-0.04,0.0603,False,True,False,
SGOV,momentum_leader,vectorbt,"EOD signal, next-bar execution: entries/exits shifted 1 trading day to avoid same-close look-ahead.",momentum_leader,close_below_ma20,0,0,2020-05-28,2026-07-07,signal_to_shifted_exit_or_latest_close,False,20,Above 20/50/200-day averages with positive 20-day momentum and non-overheated RSI.,,,,,,,,,,,,,,,,,,not enough signals or history
SGOV,pullback_reclaim_5dma,vectorbt,"EOD signal, next-bar execution: entries/exits shifted 1 trading day to avoid same-close look-ahead.",pullback_reclaim_5dma,close_below_ma20,0,0,2020-05-28,2026-07-07,signal_to_shifted_exit_or_latest_close,False,20,Short pullback followed by a 5-day moving-average reclaim.,,,,,,,,,,,,,,,,,,not enough signals or history
IEF,pullback_reclaim_5dma,vectorbt,"EOD signal, next-bar execution: entries/exits shifted 1 trading day to avoid same-close look-ahead.",pullback_reclaim_5dma,close_below_ma20,0,0,2005-01-03,2026-07-07,signal_to_shifted_exit_or_latest_close,False,20,Short pullback followed by a 5-day moving-average reclaim.,,,,,,,,,,,,,,,,,,not enough signals or history
