ticker,rule,engine,execution_assumption,strategy_contract_version,rule_fingerprint,strategy_fingerprint,cost_assumption_source,vectorbt_total_return_pct,vectorbt_max_drawdown_pct,vectorbt_sharpe,vectorbt_final_value,vectorbt_trade_count,vectorbt_closed_trade_count,vectorbt_open_trade_count,raw_entry_signal_count,shifted_entry_signal_count,executed_entry_count,raw_exit_signal_count,shifted_exit_signal_count,executed_exit_count,data_source,market_timezone,report_generated_at_utc,data_timestamp,price_frequency,price_adjustment_policy,price_basis
AAPL,ma20_reclaim_bullish,vectorbt,end-of-day signal executed at the next trading bar close,v6-rc2-shared-rules-next-close,58872b8925760906ed358f88a8ce7ab4a660bd2161a935df41649fec13705436,0bc190976cd62389f1d4cca6ba7c5d2359f01ee617c8bf764860c40cf2a84807,configured_not_observed,516.93,-26.52,0.823,61693.24,139.0,139.0,0.0,139,139,139.0,2058,2058,139.0,Tiingo daily local CSV cache,America/New_York,2026-07-14T00:59:15.835158+00:00,2026-07-13,end_of_day_daily,adjusted_ohlc_when_available_else_unadjusted,adjusted
AAPL,ma50_reclaim_bullish,vectorbt,end-of-day signal executed at the next trading bar close,v6-rc2-shared-rules-next-close,58872b8925760906ed358f88a8ce7ab4a660bd2161a935df41649fec13705436,0bc190976cd62389f1d4cca6ba7c5d2359f01ee617c8bf764860c40cf2a84807,configured_not_observed,590.06,-34.75,0.734,69006.35,132.0,131.0,1.0,132,132,132.0,1831,1831,131.0,Tiingo daily local CSV cache,America/New_York,2026-07-14T00:59:15.835158+00:00,2026-07-13,end_of_day_daily,adjusted_ohlc_when_available_else_unadjusted,adjusted
AAPL,momentum_leader,vectorbt,end-of-day signal executed at the next trading bar close,v6-rc2-shared-rules-next-close,58872b8925760906ed358f88a8ce7ab4a660bd2161a935df41649fec13705436,0bc190976cd62389f1d4cca6ba7c5d2359f01ee617c8bf764860c40cf2a84807,configured_not_observed,1876.28,-27.74,1.094,197628.01,148.0,147.0,1.0,1749,1748,148.0,2127,2127,147.0,Tiingo daily local CSV cache,America/New_York,2026-07-14T00:59:15.835158+00:00,2026-07-13,end_of_day_daily,adjusted_ohlc_when_available_else_unadjusted,adjusted
AAPL,pullback_reclaim_5dma,vectorbt,end-of-day signal executed at the next trading bar close,v6-rc2-shared-rules-next-close,58872b8925760906ed358f88a8ce7ab4a660bd2161a935df41649fec13705436,0bc190976cd62389f1d4cca6ba7c5d2359f01ee617c8bf764860c40cf2a84807,configured_not_observed,20.57,-13.87,0.333,12057.48,1.0,1.0,0.0,38,38,1.0,2058,2058,1.0,Tiingo daily local CSV cache,America/New_York,2026-07-14T00:59:15.835158+00:00,2026-07-13,end_of_day_daily,adjusted_ohlc_when_available_else_unadjusted,adjusted
AAPL,relative_strength_rebound,vectorbt,end-of-day signal executed at the next trading bar close,v6-rc2-shared-rules-next-close,58872b8925760906ed358f88a8ce7ab4a660bd2161a935df41649fec13705436,0bc190976cd62389f1d4cca6ba7c5d2359f01ee617c8bf764860c40cf2a84807,configured_not_observed,17.67,-13.87,0.286,11767.44,2.0,2.0,0.0,10,10,2.0,2058,2058,2.0,Tiingo daily local CSV cache,America/New_York,2026-07-14T00:59:15.835158+00:00,2026-07-13,end_of_day_daily,adjusted_ohlc_when_available_else_unadjusted,adjusted
AAPL,rsi_oversold_reclaim_40,vectorbt,end-of-day signal executed at the next trading bar close,v6-rc2-shared-rules-next-close,58872b8925760906ed358f88a8ce7ab4a660bd2161a935df41649fec13705436,0bc190976cd62389f1d4cca6ba7c5d2359f01ee617c8bf764860c40cf2a84807,configured_not_observed,8.59,-21.68,0.11,10859.12,30.0,29.0,1.0,236,236,30.0,2871,2871,29.0,Tiingo daily local CSV cache,America/New_York,2026-07-14T00:59:15.835158+00:00,2026-07-13,end_of_day_daily,adjusted_ohlc_when_available_else_unadjusted,adjusted
AMD,ma20_reclaim_bullish,vectorbt,end-of-day signal executed at the next trading bar close,v6-rc2-shared-rules-next-close,58872b8925760906ed358f88a8ce7ab4a660bd2161a935df41649fec13705436,0bc190976cd62389f1d4cca6ba7c5d2359f01ee617c8bf764860c40cf2a84807,configured_not_observed,51.5,-76.79,0.239,15149.79,107.0,107.0,0.0,108,107,107.0,2527,2527,107.0,Tiingo daily local CSV cache,America/New_York,2026-07-14T00:59:15.835158+00:00,2026-07-09,end_of_day_daily,adjusted_ohlc_when_available_else_unadjusted,adjusted
AMD,ma50_reclaim_bullish,vectorbt,end-of-day signal executed at the next trading bar close,v6-rc2-shared-rules-next-close,58872b8925760906ed358f88a8ce7ab4a660bd2161a935df41649fec13705436,0bc190976cd62389f1d4cca6ba7c5d2359f01ee617c8bf764860c40cf2a84807,configured_not_observed,1794.87,-64.06,0.696,189486.86,94.0,93.0,1.0,94,94,94.0,2549,2549,93.0,Tiingo daily local CSV cache,America/New_York,2026-07-14T00:59:15.835158+00:00,2026-07-09,end_of_day_daily,adjusted_ohlc_when_available_else_unadjusted,adjusted
AMD,momentum_leader,vectorbt,end-of-day signal executed at the next trading bar close,v6-rc2-shared-rules-next-close,58872b8925760906ed358f88a8ce7ab4a660bd2161a935df41649fec13705436,0bc190976cd62389f1d4cca6ba7c5d2359f01ee617c8bf764860c40cf2a84807,configured_not_observed,1115.27,-72.9,0.63,121526.85,144.0,144.0,0.0,1590,1589,144.0,2570,2570,144.0,Tiingo daily local CSV cache,America/New_York,2026-07-14T00:59:15.835158+00:00,2026-07-09,end_of_day_daily,adjusted_ohlc_when_available_else_unadjusted,adjusted
AMD,pullback_reclaim_5dma,vectorbt,end-of-day signal executed at the next trading bar close,v6-rc2-shared-rules-next-close,58872b8925760906ed358f88a8ce7ab4a660bd2161a935df41649fec13705436,0bc190976cd62389f1d4cca6ba7c5d2359f01ee617c8bf764860c40cf2a84807,configured_not_observed,237.05,-33.18,0.566,33705.02,17.0,17.0,0.0,110,110,17.0,2527,2527,17.0,Tiingo daily local CSV cache,America/New_York,2026-07-14T00:59:15.835158+00:00,2026-07-09,end_of_day_daily,adjusted_ohlc_when_available_else_unadjusted,adjusted
AMD,relative_strength_rebound,vectorbt,end-of-day signal executed at the next trading bar close,v6-rc2-shared-rules-next-close,58872b8925760906ed358f88a8ce7ab4a660bd2161a935df41649fec13705436,0bc190976cd62389f1d4cca6ba7c5d2359f01ee617c8bf764860c40cf2a84807,configured_not_observed,166.52,-38.43,0.481,26652.04,19.0,19.0,0.0,40,40,19.0,2527,2527,19.0,Tiingo daily local CSV cache,America/New_York,2026-07-14T00:59:15.835158+00:00,2026-07-09,end_of_day_daily,adjusted_ohlc_when_available_else_unadjusted,adjusted
AMD,rsi_oversold_reclaim_40,vectorbt,end-of-day signal executed at the next trading bar close,v6-rc2-shared-rules-next-close,58872b8925760906ed358f88a8ce7ab4a660bd2161a935df41649fec13705436,0bc190976cd62389f1d4cca6ba7c5d2359f01ee617c8bf764860c40cf2a84807,configured_not_observed,-24.39,-54.93,-0.037,7561.02,39.0,39.0,0.0,235,235,39.0,3000,3000,39.0,Tiingo daily local CSV cache,America/New_York,2026-07-14T00:59:15.835158+00:00,2026-07-09,end_of_day_daily,adjusted_ohlc_when_available_else_unadjusted,adjusted
AMZN,ma20_reclaim_bullish,vectorbt,end-of-day signal executed at the next trading bar close,v6-rc2-shared-rules-next-close,58872b8925760906ed358f88a8ce7ab4a660bd2161a935df41649fec13705436,0bc190976cd62389f1d4cca6ba7c5d2359f01ee617c8bf764860c40cf2a84807,configured_not_observed,221.51,-31.28,0.468,32150.82,152.0,152.0,0.0,152,152,152.0,2211,2211,152.0,Tiingo daily local CSV cache,America/New_York,2026-07-14T00:59:15.835158+00:00,2026-07-13,end_of_day_daily,adjusted_ohlc_when_available_else_unadjusted,adjusted
AMZN,ma50_reclaim_bullish,vectorbt,end-of-day signal executed at the next trading bar close,v6-rc2-shared-rules-next-close,58872b8925760906ed358f88a8ce7ab4a660bd2161a935df41649fec13705436,0bc190976cd62389f1d4cca6ba7c5d2359f01ee617c8bf764860c40cf2a84807,configured_not_observed,1344.33,-37.8,0.817,144432.94,114.0,114.0,0.0,114,114,114.0,1922,1921,114.0,Tiingo daily local CSV cache,America/New_York,2026-07-14T00:59:15.835158+00:00,2026-07-13,end_of_day_daily,adjusted_ohlc_when_available_else_unadjusted,adjusted
AMZN,momentum_leader,vectorbt,end-of-day signal executed at the next trading bar close,v6-rc2-shared-rules-next-close,58872b8925760906ed358f88a8ce7ab4a660bd2161a935df41649fec13705436,0bc190976cd62389f1d4cca6ba7c5d2359f01ee617c8bf764860c40cf2a84807,configured_not_observed,222.9,-49.54,0.425,32290.41,158.0,158.0,0.0,1694,1694,158.0,2239,2239,158.0,Tiingo daily local CSV cache,America/New_York,2026-07-14T00:59:15.835158+00:00,2026-07-13,end_of_day_daily,adjusted_ohlc_when_available_else_unadjusted,adjusted
AMZN,pullback_reclaim_5dma,vectorbt,end-of-day signal executed at the next trading bar close,v6-rc2-shared-rules-next-close,58872b8925760906ed358f88a8ce7ab4a660bd2161a935df41649fec13705436,0bc190976cd62389f1d4cca6ba7c5d2359f01ee617c8bf764860c40cf2a84807,configured_not_observed,-12.29,-32.8,-0.119,8771.48,9.0,9.0,0.0,45,45,9.0,2211,2211,9.0,Tiingo daily local CSV cache,America/New_York,2026-07-14T00:59:15.835158+00:00,2026-07-13,end_of_day_daily,adjusted_ohlc_when_available_else_unadjusted,adjusted
AMZN,relative_strength_rebound,vectorbt,end-of-day signal executed at the next trading bar close,v6-rc2-shared-rules-next-close,58872b8925760906ed358f88a8ce7ab4a660bd2161a935df41649fec13705436,0bc190976cd62389f1d4cca6ba7c5d2359f01ee617c8bf764860c40cf2a84807,configured_not_observed,7.16,-18.69,0.129,10716.49,10.0,10.0,0.0,18,18,10.0,2211,2211,10.0,Tiingo daily local CSV cache,America/New_York,2026-07-14T00:59:15.835158+00:00,2026-07-13,end_of_day_daily,adjusted_ohlc_when_available_else_unadjusted,adjusted
AMZN,rsi_oversold_reclaim_40,vectorbt,end-of-day signal executed at the next trading bar close,v6-rc2-shared-rules-next-close,58872b8925760906ed358f88a8ce7ab4a660bd2161a935df41649fec13705436,0bc190976cd62389f1d4cca6ba7c5d2359f01ee617c8bf764860c40cf2a84807,configured_not_observed,-11.89,-34.65,-0.037,8811.07,29.0,28.0,1.0,251,251,29.0,2677,2677,28.0,Tiingo daily local CSV cache,America/New_York,2026-07-14T00:59:15.835158+00:00,2026-07-13,end_of_day_daily,adjusted_ohlc_when_available_else_unadjusted,adjusted
ASML,ma20_reclaim_bullish,vectorbt,end-of-day signal executed at the next trading bar close,v6-rc2-shared-rules-next-close,58872b8925760906ed358f88a8ce7ab4a660bd2161a935df41649fec13705436,0bc190976cd62389f1d4cca6ba7c5d2359f01ee617c8bf764860c40cf2a84807,configured_not_observed,227.93,-38.88,0.473,32793.26,130.0,130.0,0.0,130,130,130.0,2171,2170,130.0,Tiingo daily local CSV cache,America/New_York,2026-07-14T00:59:15.835158+00:00,2026-07-13,end_of_day_daily,adjusted_ohlc_when_available_else_unadjusted,adjusted
ASML,ma50_reclaim_bullish,vectorbt,end-of-day signal executed at the next trading bar close,v6-rc2-shared-rules-next-close,58872b8925760906ed358f88a8ce7ab4a660bd2161a935df41649fec13705436,0bc190976cd62389f1d4cca6ba7c5d2359f01ee617c8bf764860c40cf2a84807,configured_not_observed,1330.57,-45.19,0.804,143056.94,133.0,132.0,1.0,133,133,133.0,1988,1988,132.0,Tiingo daily local CSV cache,America/New_York,2026-07-14T00:59:15.835158+00:00,2026-07-13,end_of_day_daily,adjusted_ohlc_when_available_else_unadjusted,adjusted
ASML,momentum_leader,vectorbt,end-of-day signal executed at the next trading bar close,v6-rc2-shared-rules-next-close,58872b8925760906ed358f88a8ce7ab4a660bd2161a935df41649fec13705436,0bc190976cd62389f1d4cca6ba7c5d2359f01ee617c8bf764860c40cf2a84807,configured_not_observed,764.25,-36.7,0.706,86425.27,127.0,127.0,0.0,1456,1456,127.0,2203,2202,127.0,Tiingo daily local CSV cache,America/New_York,2026-07-14T00:59:15.835158+00:00,2026-07-13,end_of_day_daily,adjusted_ohlc_when_available_else_unadjusted,adjusted
ASML,pullback_reclaim_5dma,vectorbt,end-of-day signal executed at the next trading bar close,v6-rc2-shared-rules-next-close,58872b8925760906ed358f88a8ce7ab4a660bd2161a935df41649fec13705436,0bc190976cd62389f1d4cca6ba7c5d2359f01ee617c8bf764860c40cf2a84807,configured_not_observed,-2.27,-13.48,-0.023,9773.16,2.0,2.0,0.0,47,47,2.0,2171,2170,2.0,Tiingo daily local CSV cache,America/New_York,2026-07-14T00:59:15.835158+00:00,2026-07-13,end_of_day_daily,adjusted_ohlc_when_available_else_unadjusted,adjusted
ASML,relative_strength_rebound,vectorbt,end-of-day signal executed at the next trading bar close,v6-rc2-shared-rules-next-close,58872b8925760906ed358f88a8ce7ab4a660bd2161a935df41649fec13705436,0bc190976cd62389f1d4cca6ba7c5d2359f01ee617c8bf764860c40cf2a84807,configured_not_observed,46.86,-9.49,0.429,14686.4,6.0,6.0,0.0,26,26,6.0,2171,2170,6.0,Tiingo daily local CSV cache,America/New_York,2026-07-14T00:59:15.835158+00:00,2026-07-13,end_of_day_daily,adjusted_ohlc_when_available_else_unadjusted,adjusted
ASML,rsi_oversold_reclaim_40,vectorbt,end-of-day signal executed at the next trading bar close,v6-rc2-shared-rules-next-close,58872b8925760906ed358f88a8ce7ab4a660bd2161a935df41649fec13705436,0bc190976cd62389f1d4cca6ba7c5d2359f01ee617c8bf764860c40cf2a84807,configured_not_observed,-7.16,-43.29,-0.001,9284.26,36.0,36.0,0.0,229,229,36.0,2566,2565,36.0,Tiingo daily local CSV cache,America/New_York,2026-07-14T00:59:15.835158+00:00,2026-07-13,end_of_day_daily,adjusted_ohlc_when_available_else_unadjusted,adjusted
AVGO,ma20_reclaim_bullish,vectorbt,end-of-day signal executed at the next trading bar close,v6-rc2-shared-rules-next-close,58872b8925760906ed358f88a8ce7ab4a660bd2161a935df41649fec13705436,0bc190976cd62389f1d4cca6ba7c5d2359f01ee617c8bf764860c40cf2a84807,configured_not_observed,39.05,-39.98,0.238,13904.97,132.0,132.0,0.0,132,132,132.0,1588,1588,132.0,Tiingo daily local CSV cache,America/New_York,2026-07-14T00:59:15.835158+00:00,2026-07-13,end_of_day_daily,adjusted_ohlc_when_available_else_unadjusted,adjusted
AVGO,ma50_reclaim_bullish,vectorbt,end-of-day signal executed at the next trading bar close,v6-rc2-shared-rules-next-close,58872b8925760906ed358f88a8ce7ab4a660bd2161a935df41649fec13705436,0bc190976cd62389f1d4cca6ba7c5d2359f01ee617c8bf764860c40cf2a84807,configured_not_observed,333.13,-48.32,0.553,43313.17,148.0,148.0,0.0,148,148,148.0,1344,1343,148.0,Tiingo daily local CSV cache,America/New_York,2026-07-14T00:59:15.835158+00:00,2026-07-13,end_of_day_daily,adjusted_ohlc_when_available_else_unadjusted,adjusted
AVGO,momentum_leader,vectorbt,end-of-day signal executed at the next trading bar close,v6-rc2-shared-rules-next-close,58872b8925760906ed358f88a8ce7ab4a660bd2161a935df41649fec13705436,0bc190976cd62389f1d4cca6ba7c5d2359f01ee617c8bf764860c40cf2a84807,configured_not_observed,280.75,-36.44,0.593,38075.2,111.0,111.0,0.0,1178,1178,111.0,1605,1605,111.0,Tiingo daily local CSV cache,America/New_York,2026-07-14T00:59:15.835158+00:00,2026-07-13,end_of_day_daily,adjusted_ohlc_when_available_else_unadjusted,adjusted
AVGO,pullback_reclaim_5dma,vectorbt,end-of-day signal executed at the next trading bar close,v6-rc2-shared-rules-next-close,58872b8925760906ed358f88a8ce7ab4a660bd2161a935df41649fec13705436,0bc190976cd62389f1d4cca6ba7c5d2359f01ee617c8bf764860c40cf2a84807,configured_not_observed,3.93,-9.48,0.102,10392.87,4.0,4.0,0.0,31,31,4.0,1588,1588,4.0,Tiingo daily local CSV cache,America/New_York,2026-07-14T00:59:15.835158+00:00,2026-07-13,end_of_day_daily,adjusted_ohlc_when_available_else_unadjusted,adjusted
AVGO,relative_strength_rebound,vectorbt,end-of-day signal executed at the next trading bar close,v6-rc2-shared-rules-next-close,58872b8925760906ed358f88a8ce7ab4a660bd2161a935df41649fec13705436,0bc190976cd62389f1d4cca6ba7c5d2359f01ee617c8bf764860c40cf2a84807,configured_not_observed,-0.56,-10.64,0.002,9944.26,3.0,3.0,0.0,13,13,3.0,1588,1588,3.0,Tiingo daily local CSV cache,America/New_York,2026-07-14T00:59:15.835158+00:00,2026-07-13,end_of_day_daily,adjusted_ohlc_when_available_else_unadjusted,adjusted
AVGO,rsi_oversold_reclaim_40,vectorbt,end-of-day signal executed at the next trading bar close,v6-rc2-shared-rules-next-close,58872b8925760906ed358f88a8ce7ab4a660bd2161a935df41649fec13705436,0bc190976cd62389f1d4cca6ba7c5d2359f01ee617c8bf764860c40cf2a84807,configured_not_observed,127.89,-17.61,0.579,22788.65,23.0,23.0,0.0,141,141,23.0,1936,1936,23.0,Tiingo daily local CSV cache,America/New_York,2026-07-14T00:59:15.835158+00:00,2026-07-13,end_of_day_daily,adjusted_ohlc_when_available_else_unadjusted,adjusted
CEG,ma20_reclaim_bullish,vectorbt,end-of-day signal executed at the next trading bar close,v6-rc2-shared-rules-next-close,58872b8925760906ed358f88a8ce7ab4a660bd2161a935df41649fec13705436,0bc190976cd62389f1d4cca6ba7c5d2359f01ee617c8bf764860c40cf2a84807,configured_not_observed,28.89,-25.83,0.461,12889.04,27.0,27.0,0.0,27,27,27.0,441,440,27.0,Tiingo daily local CSV cache,America/New_York,2026-07-14T00:59:15.835158+00:00,2026-07-09,end_of_day_daily,adjusted_ohlc_when_available_else_unadjusted,adjusted
CEG,ma50_reclaim_bullish,vectorbt,end-of-day signal executed at the next trading bar close,v6-rc2-shared-rules-next-close,58872b8925760906ed358f88a8ce7ab4a660bd2161a935df41649fec13705436,0bc190976cd62389f1d4cca6ba7c5d2359f01ee617c8bf764860c40cf2a84807,configured_not_observed,105.33,-27.05,0.829,20533.1,29.0,29.0,0.0,29,29,29.0,427,426,29.0,Tiingo daily local CSV cache,America/New_York,2026-07-14T00:59:15.835158+00:00,2026-07-09,end_of_day_daily,adjusted_ohlc_when_available_else_unadjusted,adjusted
CEG,momentum_leader,vectorbt,end-of-day signal executed at the next trading bar close,v6-rc2-shared-rules-next-close,58872b8925760906ed358f88a8ce7ab4a660bd2161a935df41649fec13705436,0bc190976cd62389f1d4cca6ba7c5d2359f01ee617c8bf764860c40cf2a84807,configured_not_observed,85.84,-27.4,0.751,18584.2,39.0,39.0,0.0,341,341,39.0,457,456,39.0,Tiingo daily local CSV cache,America/New_York,2026-07-14T00:59:15.835158+00:00,2026-07-09,end_of_day_daily,adjusted_ohlc_when_available_else_unadjusted,adjusted
CEG,pullback_reclaim_5dma,vectorbt,end-of-day signal executed at the next trading bar close,v6-rc2-shared-rules-next-close,58872b8925760906ed358f88a8ce7ab4a660bd2161a935df41649fec13705436,0bc190976cd62389f1d4cca6ba7c5d2359f01ee617c8bf764860c40cf2a84807,configured_not_observed,13.85,-22.8,0.4,11384.89,5.0,5.0,0.0,24,24,5.0,441,440,5.0,Tiingo daily local CSV cache,America/New_York,2026-07-14T00:59:15.835158+00:00,2026-07-09,end_of_day_daily,adjusted_ohlc_when_available_else_unadjusted,adjusted
CEG,relative_strength_rebound,vectorbt,end-of-day signal executed at the next trading bar close,v6-rc2-shared-rules-next-close,58872b8925760906ed358f88a8ce7ab4a660bd2161a935df41649fec13705436,0bc190976cd62389f1d4cca6ba7c5d2359f01ee617c8bf764860c40cf2a84807,configured_not_observed,-3.78,-14.21,-0.09,9621.82,4.0,4.0,0.0,10,10,4.0,441,440,4.0,Tiingo daily local CSV cache,America/New_York,2026-07-14T00:59:15.835158+00:00,2026-07-09,end_of_day_daily,adjusted_ohlc_when_available_else_unadjusted,adjusted
CEG,rsi_oversold_reclaim_40,vectorbt,end-of-day signal executed at the next trading bar close,v6-rc2-shared-rules-next-close,58872b8925760906ed358f88a8ce7ab4a660bd2161a935df41649fec13705436,0bc190976cd62389f1d4cca6ba7c5d2359f01ee617c8bf764860c40cf2a84807,configured_not_observed,-15.38,-28.29,-0.314,8462.5,10.0,10.0,0.0,55,54,10.0,570,569,10.0,Tiingo daily local CSV cache,America/New_York,2026-07-14T00:59:15.835158+00:00,2026-07-09,end_of_day_daily,adjusted_ohlc_when_available_else_unadjusted,adjusted
CRWD,ma20_reclaim_bullish,vectorbt,end-of-day signal executed at the next trading bar close,v6-rc2-shared-rules-next-close,58872b8925760906ed358f88a8ce7ab4a660bd2161a935df41649fec13705436,0bc190976cd62389f1d4cca6ba7c5d2359f01ee617c8bf764860c40cf2a84807,configured_not_observed,-19.03,-52.77,-0.067,8097.23,38.0,37.0,1.0,38,38,38.0,705,705,37.0,Tiingo daily local CSV cache,America/New_York,2026-07-14T00:59:15.835158+00:00,2026-07-13,end_of_day_daily,adjusted_ohlc_when_available_else_unadjusted,adjusted
CRWD,ma50_reclaim_bullish,vectorbt,end-of-day signal executed at the next trading bar close,v6-rc2-shared-rules-next-close,58872b8925760906ed358f88a8ce7ab4a660bd2161a935df41649fec13705436,0bc190976cd62389f1d4cca6ba7c5d2359f01ee617c8bf764860c40cf2a84807,configured_not_observed,117.95,-42.81,0.673,21795.46,30.0,30.0,0.0,30,30,30.0,653,653,30.0,Tiingo daily local CSV cache,America/New_York,2026-07-14T00:59:15.835158+00:00,2026-07-13,end_of_day_daily,adjusted_ohlc_when_available_else_unadjusted,adjusted
CRWD,momentum_leader,vectorbt,end-of-day signal executed at the next trading bar close,v6-rc2-shared-rules-next-close,58872b8925760906ed358f88a8ce7ab4a660bd2161a935df41649fec13705436,0bc190976cd62389f1d4cca6ba7c5d2359f01ee617c8bf764860c40cf2a84807,configured_not_observed,149.14,-55.62,0.694,24914.46,58.0,57.0,1.0,652,651,58.0,733,733,57.0,Tiingo daily local CSV cache,America/New_York,2026-07-14T00:59:15.835158+00:00,2026-07-13,end_of_day_daily,adjusted_ohlc_when_available_else_unadjusted,adjusted
CRWD,pullback_reclaim_5dma,vectorbt,end-of-day signal executed at the next trading bar close,v6-rc2-shared-rules-next-close,58872b8925760906ed358f88a8ce7ab4a660bd2161a935df41649fec13705436,0bc190976cd62389f1d4cca6ba7c5d2359f01ee617c8bf764860c40cf2a84807,configured_not_observed,28.77,-24.33,0.399,12877.41,8.0,8.0,0.0,37,37,8.0,705,705,8.0,Tiingo daily local CSV cache,America/New_York,2026-07-14T00:59:15.835158+00:00,2026-07-13,end_of_day_daily,adjusted_ohlc_when_available_else_unadjusted,adjusted
CRWD,relative_strength_rebound,vectorbt,end-of-day signal executed at the next trading bar close,v6-rc2-shared-rules-next-close,58872b8925760906ed358f88a8ce7ab4a660bd2161a935df41649fec13705436,0bc190976cd62389f1d4cca6ba7c5d2359f01ee617c8bf764860c40cf2a84807,configured_not_observed,3.25,-12.25,0.116,10325.34,7.0,7.0,0.0,11,11,7.0,705,705,7.0,Tiingo daily local CSV cache,America/New_York,2026-07-14T00:59:15.835158+00:00,2026-07-13,end_of_day_daily,adjusted_ohlc_when_available_else_unadjusted,adjusted
CRWD,rsi_oversold_reclaim_40,vectorbt,end-of-day signal executed at the next trading bar close,v6-rc2-shared-rules-next-close,58872b8925760906ed358f88a8ce7ab4a660bd2161a935df41649fec13705436,0bc190976cd62389f1d4cca6ba7c5d2359f01ee617c8bf764860c40cf2a84807,configured_not_observed,-8.04,-21.17,-0.099,9196.04,12.0,12.0,0.0,76,76,12.0,873,873,12.0,Tiingo daily local CSV cache,America/New_York,2026-07-14T00:59:15.835158+00:00,2026-07-13,end_of_day_daily,adjusted_ohlc_when_available_else_unadjusted,adjusted
GLD,ma20_reclaim_bullish,vectorbt,end-of-day signal executed at the next trading bar close,v6-rc2-shared-rules-next-close,58872b8925760906ed358f88a8ce7ab4a660bd2161a935df41649fec13705436,0bc190976cd62389f1d4cca6ba7c5d2359f01ee617c8bf764860c40cf2a84807,configured_not_observed,123.15,-19.51,0.491,22315.16,164.0,164.0,0.0,164,164,164.0,2379,2378,164.0,Tiingo daily local CSV cache,America/New_York,2026-07-14T00:59:15.835158+00:00,2026-07-13,end_of_day_daily,adjusted_ohlc_when_available_else_unadjusted,adjusted
GLD,ma50_reclaim_bullish,vectorbt,end-of-day signal executed at the next trading bar close,v6-rc2-shared-rules-next-close,58872b8925760906ed358f88a8ce7ab4a660bd2161a935df41649fec13705436,0bc190976cd62389f1d4cca6ba7c5d2359f01ee617c8bf764860c40cf2a84807,configured_not_observed,202.3,-33.14,0.582,30230.15,125.0,125.0,0.0,125,125,125.0,2312,2311,125.0,Tiingo daily local CSV cache,America/New_York,2026-07-14T00:59:15.835158+00:00,2026-07-13,end_of_day_daily,adjusted_ohlc_when_available_else_unadjusted,adjusted
GLD,momentum_leader,vectorbt,end-of-day signal executed at the next trading bar close,v6-rc2-shared-rules-next-close,58872b8925760906ed358f88a8ce7ab4a660bd2161a935df41649fec13705436,0bc190976cd62389f1d4cca6ba7c5d2359f01ee617c8bf764860c40cf2a84807,configured_not_observed,39.64,-23.4,0.245,13964.28,103.0,103.0,0.0,826,826,103.0,2415,2414,103.0,Tiingo daily local CSV cache,America/New_York,2026-07-14T00:59:15.835158+00:00,2026-07-13,end_of_day_daily,adjusted_ohlc_when_available_else_unadjusted,adjusted
GLD,pullback_reclaim_5dma,vectorbt,end-of-day signal executed at the next trading bar close,v6-rc2-shared-rules-next-close,58872b8925760906ed358f88a8ce7ab4a660bd2161a935df41649fec13705436,0bc190976cd62389f1d4cca6ba7c5d2359f01ee617c8bf764860c40cf2a84807,configured_not_observed,-6.26,-8.9,-0.199,9374.33,1.0,1.0,0.0,6,6,1.0,2379,2378,1.0,Tiingo daily local CSV cache,America/New_York,2026-07-14T00:59:15.835158+00:00,2026-07-13,end_of_day_daily,adjusted_ohlc_when_available_else_unadjusted,adjusted
GLD,relative_strength_rebound,vectorbt,end-of-day signal executed at the next trading bar close,v6-rc2-shared-rules-next-close,58872b8925760906ed358f88a8ce7ab4a660bd2161a935df41649fec13705436,0bc190976cd62389f1d4cca6ba7c5d2359f01ee617c8bf764860c40cf2a84807,configured_not_observed,-9.79,-12.34,-0.308,9020.58,2.0,2.0,0.0,5,5,2.0,2379,2378,2.0,Tiingo daily local CSV cache,America/New_York,2026-07-14T00:59:15.835158+00:00,2026-07-13,end_of_day_daily,adjusted_ohlc_when_available_else_unadjusted,adjusted
GLD,rsi_oversold_reclaim_40,vectorbt,end-of-day signal executed at the next trading bar close,v6-rc2-shared-rules-next-close,58872b8925760906ed358f88a8ce7ab4a660bd2161a935df41649fec13705436,0bc190976cd62389f1d4cca6ba7c5d2359f01ee617c8bf764860c40cf2a84807,configured_not_observed,5.09,-11.72,0.09,10509.32,34.0,34.0,0.0,195,195,34.0,2833,2832,34.0,Tiingo daily local CSV cache,America/New_York,2026-07-14T00:59:15.835158+00:00,2026-07-13,end_of_day_daily,adjusted_ohlc_when_available_else_unadjusted,adjusted
GOOGL,ma20_reclaim_bullish,vectorbt,end-of-day signal executed at the next trading bar close,v6-rc2-shared-rules-next-close,58872b8925760906ed358f88a8ce7ab4a660bd2161a935df41649fec13705436,0bc190976cd62389f1d4cca6ba7c5d2359f01ee617c8bf764860c40cf2a84807,configured_not_observed,235.0,-28.06,0.57,33499.72,150.0,150.0,0.0,150,150,150.0,2186,2185,150.0,Tiingo daily local CSV cache,America/New_York,2026-07-14T00:59:15.835158+00:00,2026-07-13,end_of_day_daily,adjusted_ohlc_when_available_else_unadjusted,adjusted
GOOGL,ma50_reclaim_bullish,vectorbt,end-of-day signal executed at the next trading bar close,v6-rc2-shared-rules-next-close,58872b8925760906ed358f88a8ce7ab4a660bd2161a935df41649fec13705436,0bc190976cd62389f1d4cca6ba7c5d2359f01ee617c8bf764860c40cf2a84807,configured_not_observed,496.24,-32.4,0.704,59623.78,116.0,116.0,0.0,116,116,116.0,1987,1986,116.0,Tiingo daily local CSV cache,America/New_York,2026-07-14T00:59:15.835158+00:00,2026-07-13,end_of_day_daily,adjusted_ohlc_when_available_else_unadjusted,adjusted
GOOGL,momentum_leader,vectorbt,end-of-day signal executed at the next trading bar close,v6-rc2-shared-rules-next-close,58872b8925760906ed358f88a8ce7ab4a660bd2161a935df41649fec13705436,0bc190976cd62389f1d4cca6ba7c5d2359f01ee617c8bf764860c40cf2a84807,configured_not_observed,313.11,-43.57,0.584,41311.24,138.0,138.0,0.0,1430,1430,138.0,2250,2249,138.0,Tiingo daily local CSV cache,America/New_York,2026-07-14T00:59:15.835158+00:00,2026-07-13,end_of_day_daily,adjusted_ohlc_when_available_else_unadjusted,adjusted
GOOGL,pullback_reclaim_5dma,vectorbt,end-of-day signal executed at the next trading bar close,v6-rc2-shared-rules-next-close,58872b8925760906ed358f88a8ce7ab4a660bd2161a935df41649fec13705436,0bc190976cd62389f1d4cca6ba7c5d2359f01ee617c8bf764860c40cf2a84807,configured_not_observed,5.87,-9.16,0.158,10586.54,3.0,3.0,0.0,21,21,3.0,2186,2185,3.0,Tiingo daily local CSV cache,America/New_York,2026-07-14T00:59:15.835158+00:00,2026-07-13,end_of_day_daily,adjusted_ohlc_when_available_else_unadjusted,adjusted
GOOGL,relative_strength_rebound,vectorbt,end-of-day signal executed at the next trading bar close,v6-rc2-shared-rules-next-close,58872b8925760906ed358f88a8ce7ab4a660bd2161a935df41649fec13705436,0bc190976cd62389f1d4cca6ba7c5d2359f01ee617c8bf764860c40cf2a84807,configured_not_observed,-2.45,-3.24,-0.195,9755.31,1.0,1.0,0.0,9,9,1.0,2186,2185,1.0,Tiingo daily local CSV cache,America/New_York,2026-07-14T00:59:15.835158+00:00,2026-07-13,end_of_day_daily,adjusted_ohlc_when_available_else_unadjusted,adjusted
GOOGL,rsi_oversold_reclaim_40,vectorbt,end-of-day signal executed at the next trading bar close,v6-rc2-shared-rules-next-close,58872b8925760906ed358f88a8ce7ab4a660bd2161a935df41649fec13705436,0bc190976cd62389f1d4cca6ba7c5d2359f01ee617c8bf764860c40cf2a84807,configured_not_observed,-10.0,-23.68,-0.056,8999.54,29.0,29.0,0.0,231,231,29.0,2818,2817,29.0,Tiingo daily local CSV cache,America/New_York,2026-07-14T00:59:15.835158+00:00,2026-07-13,end_of_day_daily,adjusted_ohlc_when_available_else_unadjusted,adjusted
META,ma20_reclaim_bullish,vectorbt,end-of-day signal executed at the next trading bar close,v6-rc2-shared-rules-next-close,58872b8925760906ed358f88a8ce7ab4a660bd2161a935df41649fec13705436,0bc190976cd62389f1d4cca6ba7c5d2359f01ee617c8bf764860c40cf2a84807,configured_not_observed,92.46,-52.03,0.412,19245.95,114.0,114.0,0.0,114,114,114.0,1389,1389,114.0,Tiingo daily local CSV cache,America/New_York,2026-07-14T00:59:15.835158+00:00,2026-07-13,end_of_day_daily,adjusted_ohlc_when_available_else_unadjusted,adjusted
META,ma50_reclaim_bullish,vectorbt,end-of-day signal executed at the next trading bar close,v6-rc2-shared-rules-next-close,58872b8925760906ed358f88a8ce7ab4a660bd2161a935df41649fec13705436,0bc190976cd62389f1d4cca6ba7c5d2359f01ee617c8bf764860c40cf2a84807,configured_not_observed,51.04,-39.06,0.295,15103.51,97.0,97.0,0.0,97,97,97.0,1293,1293,97.0,Tiingo daily local CSV cache,America/New_York,2026-07-14T00:59:15.835158+00:00,2026-07-13,end_of_day_daily,adjusted_ohlc_when_available_else_unadjusted,adjusted
META,momentum_leader,vectorbt,end-of-day signal executed at the next trading bar close,v6-rc2-shared-rules-next-close,58872b8925760906ed358f88a8ce7ab4a660bd2161a935df41649fec13705436,0bc190976cd62389f1d4cca6ba7c5d2359f01ee617c8bf764860c40cf2a84807,configured_not_observed,55.2,-60.16,0.298,15519.87,101.0,100.0,1.0,1061,1060,101.0,1411,1411,100.0,Tiingo daily local CSV cache,America/New_York,2026-07-14T00:59:15.835158+00:00,2026-07-13,end_of_day_daily,adjusted_ohlc_when_available_else_unadjusted,adjusted
META,pullback_reclaim_5dma,vectorbt,end-of-day signal executed at the next trading bar close,v6-rc2-shared-rules-next-close,58872b8925760906ed358f88a8ce7ab4a660bd2161a935df41649fec13705436,0bc190976cd62389f1d4cca6ba7c5d2359f01ee617c8bf764860c40cf2a84807,configured_not_observed,-22.57,-23.46,-0.733,7743.13,7.0,7.0,0.0,34,34,7.0,1389,1389,7.0,Tiingo daily local CSV cache,America/New_York,2026-07-14T00:59:15.835158+00:00,2026-07-13,end_of_day_daily,adjusted_ohlc_when_available_else_unadjusted,adjusted
META,relative_strength_rebound,vectorbt,end-of-day signal executed at the next trading bar close,v6-rc2-shared-rules-next-close,58872b8925760906ed358f88a8ce7ab4a660bd2161a935df41649fec13705436,0bc190976cd62389f1d4cca6ba7c5d2359f01ee617c8bf764860c40cf2a84807,configured_not_observed,-21.37,-22.35,-0.683,7862.91,7.0,7.0,0.0,18,18,7.0,1389,1389,7.0,Tiingo daily local CSV cache,America/New_York,2026-07-14T00:59:15.835158+00:00,2026-07-13,end_of_day_daily,adjusted_ohlc_when_available_else_unadjusted,adjusted
META,rsi_oversold_reclaim_40,vectorbt,end-of-day signal executed at the next trading bar close,v6-rc2-shared-rules-next-close,58872b8925760906ed358f88a8ce7ab4a660bd2161a935df41649fec13705436,0bc190976cd62389f1d4cca6ba7c5d2359f01ee617c8bf764860c40cf2a84807,configured_not_observed,-21.62,-55.15,-0.102,7837.97,20.0,19.0,1.0,153,153,20.0,1688,1688,19.0,Tiingo daily local CSV cache,America/New_York,2026-07-14T00:59:15.835158+00:00,2026-07-13,end_of_day_daily,adjusted_ohlc_when_available_else_unadjusted,adjusted
MSFT,ma20_reclaim_bullish,vectorbt,end-of-day signal executed at the next trading bar close,v6-rc2-shared-rules-next-close,58872b8925760906ed358f88a8ce7ab4a660bd2161a935df41649fec13705436,0bc190976cd62389f1d4cca6ba7c5d2359f01ee617c8bf764860c40cf2a84807,configured_not_observed,19.07,-34.33,0.154,11906.8,186.0,186.0,0.0,186,186,186.0,2115,2115,186.0,Tiingo daily local CSV cache,America/New_York,2026-07-14T00:59:15.835158+00:00,2026-07-13,end_of_day_daily,adjusted_ohlc_when_available_else_unadjusted,adjusted
MSFT,ma50_reclaim_bullish,vectorbt,end-of-day signal executed at the next trading bar close,v6-rc2-shared-rules-next-close,58872b8925760906ed358f88a8ce7ab4a660bd2161a935df41649fec13705436,0bc190976cd62389f1d4cca6ba7c5d2359f01ee617c8bf764860c40cf2a84807,configured_not_observed,115.69,-29.78,0.388,21568.62,139.0,139.0,0.0,139,139,139.0,1939,1938,139.0,Tiingo daily local CSV cache,America/New_York,2026-07-14T00:59:15.835158+00:00,2026-07-13,end_of_day_daily,adjusted_ohlc_when_available_else_unadjusted,adjusted
MSFT,momentum_leader,vectorbt,end-of-day signal executed at the next trading bar close,v6-rc2-shared-rules-next-close,58872b8925760906ed358f88a8ce7ab4a660bd2161a935df41649fec13705436,0bc190976cd62389f1d4cca6ba7c5d2359f01ee617c8bf764860c40cf2a84807,configured_not_observed,45.53,-29.67,0.241,14553.01,123.0,123.0,0.0,1176,1176,123.0,2133,2133,123.0,Tiingo daily local CSV cache,America/New_York,2026-07-14T00:59:15.835158+00:00,2026-07-13,end_of_day_daily,adjusted_ohlc_when_available_else_unadjusted,adjusted
MSFT,pullback_reclaim_5dma,vectorbt,end-of-day signal executed at the next trading bar close,v6-rc2-shared-rules-next-close,58872b8925760906ed358f88a8ce7ab4a660bd2161a935df41649fec13705436,0bc190976cd62389f1d4cca6ba7c5d2359f01ee617c8bf764860c40cf2a84807,configured_not_observed,0.16,-1.59,0.027,10016.12,4.0,4.0,0.0,21,21,4.0,2115,2115,4.0,Tiingo daily local CSV cache,America/New_York,2026-07-14T00:59:15.835158+00:00,2026-07-13,end_of_day_daily,adjusted_ohlc_when_available_else_unadjusted,adjusted
MSFT,relative_strength_rebound,vectorbt,end-of-day signal executed at the next trading bar close,v6-rc2-shared-rules-next-close,58872b8925760906ed358f88a8ce7ab4a660bd2161a935df41649fec13705436,0bc190976cd62389f1d4cca6ba7c5d2359f01ee617c8bf764860c40cf2a84807,configured_not_observed,-12.93,-12.93,-0.426,8706.56,4.0,4.0,0.0,13,13,4.0,2115,2115,4.0,Tiingo daily local CSV cache,America/New_York,2026-07-14T00:59:15.835158+00:00,2026-07-13,end_of_day_daily,adjusted_ohlc_when_available_else_unadjusted,adjusted
MSFT,rsi_oversold_reclaim_40,vectorbt,end-of-day signal executed at the next trading bar close,v6-rc2-shared-rules-next-close,58872b8925760906ed358f88a8ce7ab4a660bd2161a935df41649fec13705436,0bc190976cd62389f1d4cca6ba7c5d2359f01ee617c8bf764860c40cf2a84807,configured_not_observed,-37.26,-42.13,-0.434,6273.77,38.0,37.0,1.0,226,226,38.0,2639,2639,37.0,Tiingo daily local CSV cache,America/New_York,2026-07-14T00:59:15.835158+00:00,2026-07-13,end_of_day_daily,adjusted_ohlc_when_available_else_unadjusted,adjusted
NVDA,ma20_reclaim_bullish,vectorbt,end-of-day signal executed at the next trading bar close,v6-rc2-shared-rules-next-close,58872b8925760906ed358f88a8ce7ab4a660bd2161a935df41649fec13705436,0bc190976cd62389f1d4cca6ba7c5d2359f01ee617c8bf764860c40cf2a84807,configured_not_observed,513.24,-51.06,0.587,61324.33,159.0,159.0,0.0,159,159,159.0,2125,2125,159.0,Tiingo daily local CSV cache,America/New_York,2026-07-14T00:59:15.835158+00:00,2026-07-13,end_of_day_daily,adjusted_ohlc_when_available_else_unadjusted,adjusted
NVDA,ma50_reclaim_bullish,vectorbt,end-of-day signal executed at the next trading bar close,v6-rc2-shared-rules-next-close,58872b8925760906ed358f88a8ce7ab4a660bd2161a935df41649fec13705436,0bc190976cd62389f1d4cca6ba7c5d2359f01ee617c8bf764860c40cf2a84807,configured_not_observed,4893.01,-60.28,0.942,499300.84,126.0,125.0,1.0,126,126,126.0,1888,1887,125.0,Tiingo daily local CSV cache,America/New_York,2026-07-14T00:59:15.835158+00:00,2026-07-13,end_of_day_daily,adjusted_ohlc_when_available_else_unadjusted,adjusted
NVDA,momentum_leader,vectorbt,end-of-day signal executed at the next trading bar close,v6-rc2-shared-rules-next-close,58872b8925760906ed358f88a8ce7ab4a660bd2161a935df41649fec13705436,0bc190976cd62389f1d4cca6ba7c5d2359f01ee617c8bf764860c40cf2a84807,configured_not_observed,4459.76,-65.27,0.931,455976.35,158.0,158.0,0.0,1820,1820,158.0,2173,2173,158.0,Tiingo daily local CSV cache,America/New_York,2026-07-14T00:59:15.835158+00:00,2026-07-13,end_of_day_daily,adjusted_ohlc_when_available_else_unadjusted,adjusted
NVDA,pullback_reclaim_5dma,vectorbt,end-of-day signal executed at the next trading bar close,v6-rc2-shared-rules-next-close,58872b8925760906ed358f88a8ce7ab4a660bd2161a935df41649fec13705436,0bc190976cd62389f1d4cca6ba7c5d2359f01ee617c8bf764860c40cf2a84807,configured_not_observed,-1.53,-13.19,0.001,9847.04,6.0,6.0,0.0,72,72,6.0,2125,2125,6.0,Tiingo daily local CSV cache,America/New_York,2026-07-14T00:59:15.835158+00:00,2026-07-13,end_of_day_daily,adjusted_ohlc_when_available_else_unadjusted,adjusted
NVDA,relative_strength_rebound,vectorbt,end-of-day signal executed at the next trading bar close,v6-rc2-shared-rules-next-close,58872b8925760906ed358f88a8ce7ab4a660bd2161a935df41649fec13705436,0bc190976cd62389f1d4cca6ba7c5d2359f01ee617c8bf764860c40cf2a84807,configured_not_observed,60.74,-21.63,0.382,16074.25,12.0,12.0,0.0,33,33,12.0,2125,2125,12.0,Tiingo daily local CSV cache,America/New_York,2026-07-14T00:59:15.835158+00:00,2026-07-13,end_of_day_daily,adjusted_ohlc_when_available_else_unadjusted,adjusted
NVDA,rsi_oversold_reclaim_40,vectorbt,end-of-day signal executed at the next trading bar close,v6-rc2-shared-rules-next-close,58872b8925760906ed358f88a8ce7ab4a660bd2161a935df41649fec13705436,0bc190976cd62389f1d4cca6ba7c5d2359f01ee617c8bf764860c40cf2a84807,configured_not_observed,-16.65,-52.01,-0.021,8335.05,30.0,30.0,0.0,205,205,30.0,2734,2734,30.0,Tiingo daily local CSV cache,America/New_York,2026-07-14T00:59:15.835158+00:00,2026-07-13,end_of_day_daily,adjusted_ohlc_when_available_else_unadjusted,adjusted
PANW,ma20_reclaim_bullish,vectorbt,end-of-day signal executed at the next trading bar close,v6-rc2-shared-rules-next-close,58872b8925760906ed358f88a8ce7ab4a660bd2161a935df41649fec13705436,0bc190976cd62389f1d4cca6ba7c5d2359f01ee617c8bf764860c40cf2a84807,configured_not_observed,-7.1,-68.62,0.091,9290.38,102.0,101.0,1.0,102,102,102.0,1379,1379,101.0,Tiingo daily local CSV cache,America/New_York,2026-07-14T00:59:15.835158+00:00,2026-07-13,end_of_day_daily,adjusted_ohlc_when_available_else_unadjusted,adjusted
PANW,ma50_reclaim_bullish,vectorbt,end-of-day signal executed at the next trading bar close,v6-rc2-shared-rules-next-close,58872b8925760906ed358f88a8ce7ab4a660bd2161a935df41649fec13705436,0bc190976cd62389f1d4cca6ba7c5d2359f01ee617c8bf764860c40cf2a84807,configured_not_observed,146.51,-36.43,0.49,24651.15,71.0,71.0,0.0,71,71,71.0,1260,1260,71.0,Tiingo daily local CSV cache,America/New_York,2026-07-14T00:59:15.835158+00:00,2026-07-13,end_of_day_daily,adjusted_ohlc_when_available_else_unadjusted,adjusted
PANW,momentum_leader,vectorbt,end-of-day signal executed at the next trading bar close,v6-rc2-shared-rules-next-close,58872b8925760906ed358f88a8ce7ab4a660bd2161a935df41649fec13705436,0bc190976cd62389f1d4cca6ba7c5d2359f01ee617c8bf764860c40cf2a84807,configured_not_observed,136.56,-43.0,0.462,23656.27,109.0,108.0,1.0,1152,1151,109.0,1394,1394,108.0,Tiingo daily local CSV cache,America/New_York,2026-07-14T00:59:15.835158+00:00,2026-07-13,end_of_day_daily,adjusted_ohlc_when_available_else_unadjusted,adjusted
PANW,pullback_reclaim_5dma,vectorbt,end-of-day signal executed at the next trading bar close,v6-rc2-shared-rules-next-close,58872b8925760906ed358f88a8ce7ab4a660bd2161a935df41649fec13705436,0bc190976cd62389f1d4cca6ba7c5d2359f01ee617c8bf764860c40cf2a84807,configured_not_observed,70.84,-15.81,0.655,17084.11,6.0,5.0,1.0,40,40,6.0,1379,1379,5.0,Tiingo daily local CSV cache,America/New_York,2026-07-14T00:59:15.835158+00:00,2026-07-13,end_of_day_daily,adjusted_ohlc_when_available_else_unadjusted,adjusted
PANW,relative_strength_rebound,vectorbt,end-of-day signal executed at the next trading bar close,v6-rc2-shared-rules-next-close,58872b8925760906ed358f88a8ce7ab4a660bd2161a935df41649fec13705436,0bc190976cd62389f1d4cca6ba7c5d2359f01ee617c8bf764860c40cf2a84807,configured_not_observed,-1.52,-12.49,-0.01,9847.76,5.0,5.0,0.0,17,17,5.0,1379,1379,5.0,Tiingo daily local CSV cache,America/New_York,2026-07-14T00:59:15.835158+00:00,2026-07-13,end_of_day_daily,adjusted_ohlc_when_available_else_unadjusted,adjusted
PANW,rsi_oversold_reclaim_40,vectorbt,end-of-day signal executed at the next trading bar close,v6-rc2-shared-rules-next-close,58872b8925760906ed358f88a8ce7ab4a660bd2161a935df41649fec13705436,0bc190976cd62389f1d4cca6ba7c5d2359f01ee617c8bf764860c40cf2a84807,configured_not_observed,87.13,-14.42,0.643,18713.18,28.0,28.0,0.0,176,176,28.0,1708,1708,28.0,Tiingo daily local CSV cache,America/New_York,2026-07-14T00:59:15.835158+00:00,2026-07-13,end_of_day_daily,adjusted_ohlc_when_available_else_unadjusted,adjusted
PLTR,ma20_reclaim_bullish,vectorbt,end-of-day signal executed at the next trading bar close,v6-rc2-shared-rules-next-close,58872b8925760906ed358f88a8ce7ab4a660bd2161a935df41649fec13705436,0bc190976cd62389f1d4cca6ba7c5d2359f01ee617c8bf764860c40cf2a84807,configured_not_observed,-27.05,-57.46,-0.153,7295.47,24.0,24.0,0.0,24,24,24.0,667,667,24.0,Tiingo daily local CSV cache,America/New_York,2026-07-14T00:59:15.835158+00:00,2026-07-13,end_of_day_daily,adjusted_ohlc_when_available_else_unadjusted,adjusted
PLTR,ma50_reclaim_bullish,vectorbt,end-of-day signal executed at the next trading bar close,v6-rc2-shared-rules-next-close,58872b8925760906ed358f88a8ce7ab4a660bd2161a935df41649fec13705436,0bc190976cd62389f1d4cca6ba7c5d2359f01ee617c8bf764860c40cf2a84807,configured_not_observed,327.85,-37.55,1.036,42785.23,27.0,27.0,0.0,27,27,27.0,653,652,27.0,Tiingo daily local CSV cache,America/New_York,2026-07-14T00:59:15.835158+00:00,2026-07-13,end_of_day_daily,adjusted_ohlc_when_available_else_unadjusted,adjusted
PLTR,momentum_leader,vectorbt,end-of-day signal executed at the next trading bar close,v6-rc2-shared-rules-next-close,58872b8925760906ed358f88a8ce7ab4a660bd2161a935df41649fec13705436,0bc190976cd62389f1d4cca6ba7c5d2359f01ee617c8bf764860c40cf2a84807,configured_not_observed,-54.13,-70.28,-0.202,4587.04,49.0,49.0,0.0,470,470,49.0,684,684,49.0,Tiingo daily local CSV cache,America/New_York,2026-07-14T00:59:15.835158+00:00,2026-07-13,end_of_day_daily,adjusted_ohlc_when_available_else_unadjusted,adjusted
PLTR,pullback_reclaim_5dma,vectorbt,end-of-day signal executed at the next trading bar close,v6-rc2-shared-rules-next-close,58872b8925760906ed358f88a8ce7ab4a660bd2161a935df41649fec13705436,0bc190976cd62389f1d4cca6ba7c5d2359f01ee617c8bf764860c40cf2a84807,configured_not_observed,-23.53,-26.83,-0.491,7647.18,5.0,5.0,0.0,43,43,5.0,667,667,5.0,Tiingo daily local CSV cache,America/New_York,2026-07-14T00:59:15.835158+00:00,2026-07-13,end_of_day_daily,adjusted_ohlc_when_available_else_unadjusted,adjusted
PLTR,relative_strength_rebound,vectorbt,end-of-day signal executed at the next trading bar close,v6-rc2-shared-rules-next-close,58872b8925760906ed358f88a8ce7ab4a660bd2161a935df41649fec13705436,0bc190976cd62389f1d4cca6ba7c5d2359f01ee617c8bf764860c40cf2a84807,configured_not_observed,-16.29,-17.97,-0.281,8371.11,5.0,5.0,0.0,14,14,5.0,667,667,5.0,Tiingo daily local CSV cache,America/New_York,2026-07-14T00:59:15.835158+00:00,2026-07-13,end_of_day_daily,adjusted_ohlc_when_available_else_unadjusted,adjusted
PLTR,rsi_oversold_reclaim_40,vectorbt,end-of-day signal executed at the next trading bar close,v6-rc2-shared-rules-next-close,58872b8925760906ed358f88a8ce7ab4a660bd2161a935df41649fec13705436,0bc190976cd62389f1d4cca6ba7c5d2359f01ee617c8bf764860c40cf2a84807,configured_not_observed,-25.02,-29.3,-0.558,7498.05,8.0,7.0,1.0,60,60,8.0,815,815,7.0,Tiingo daily local CSV cache,America/New_York,2026-07-14T00:59:15.835158+00:00,2026-07-13,end_of_day_daily,adjusted_ohlc_when_available_else_unadjusted,adjusted
QQQ,ma20_reclaim_bullish,vectorbt,end-of-day signal executed at the next trading bar close,v6-rc2-shared-rules-next-close,58872b8925760906ed358f88a8ce7ab4a660bd2161a935df41649fec13705436,0bc190976cd62389f1d4cca6ba7c5d2359f01ee617c8bf764860c40cf2a84807,configured_not_observed,-13.4,-35.13,-0.039,8660.11,185.0,184.0,1.0,185,185,185.0,1917,1916,184.0,Tiingo daily local CSV cache,America/New_York,2026-07-14T00:59:15.835158+00:00,2026-07-13,end_of_day_daily,adjusted_ohlc_when_available_else_unadjusted,adjusted
QQQ,ma50_reclaim_bullish,vectorbt,end-of-day signal executed at the next trading bar close,v6-rc2-shared-rules-next-close,58872b8925760906ed358f88a8ce7ab4a660bd2161a935df41649fec13705436,0bc190976cd62389f1d4cca6ba7c5d2359f01ee617c8bf764860c40cf2a84807,configured_not_observed,125.44,-28.47,0.476,22544.41,144.0,143.0,1.0,144,144,144.0,1646,1645,143.0,Tiingo daily local CSV cache,America/New_York,2026-07-14T00:59:15.835158+00:00,2026-07-13,end_of_day_daily,adjusted_ohlc_when_available_else_unadjusted,adjusted
QQQ,momentum_leader,vectorbt,end-of-day signal executed at the next trading bar close,v6-rc2-shared-rules-next-close,58872b8925760906ed358f88a8ce7ab4a660bd2161a935df41649fec13705436,0bc190976cd62389f1d4cca6ba7c5d2359f01ee617c8bf764860c40cf2a84807,configured_not_observed,100.57,-29.76,0.481,20057.2,105.0,105.0,0.0,1027,1027,105.0,1930,1929,105.0,Tiingo daily local CSV cache,America/New_York,2026-07-14T00:59:15.835158+00:00,2026-07-13,end_of_day_daily,adjusted_ohlc_when_available_else_unadjusted,adjusted
QQQ,pullback_reclaim_5dma,vectorbt,end-of-day signal executed at the next trading bar close,v6-rc2-shared-rules-next-close,58872b8925760906ed358f88a8ce7ab4a660bd2161a935df41649fec13705436,0bc190976cd62389f1d4cca6ba7c5d2359f01ee617c8bf764860c40cf2a84807,configured_not_observed,0.0,0.0,,10000.0,0.0,0.0,0.0,8,8,0.0,1917,1916,0.0,Tiingo daily local CSV cache,America/New_York,2026-07-14T00:59:15.835158+00:00,2026-07-13,end_of_day_daily,adjusted_ohlc_when_available_else_unadjusted,adjusted
QQQ,relative_strength_rebound,vectorbt,end-of-day signal executed at the next trading bar close,v6-rc2-shared-rules-next-close,58872b8925760906ed358f88a8ce7ab4a660bd2161a935df41649fec13705436,0bc190976cd62389f1d4cca6ba7c5d2359f01ee617c8bf764860c40cf2a84807,configured_not_observed,0.0,0.0,,10000.0,0.0,0.0,0.0,2,2,0.0,1917,1916,0.0,Tiingo daily local CSV cache,America/New_York,2026-07-14T00:59:15.835158+00:00,2026-07-13,end_of_day_daily,adjusted_ohlc_when_available_else_unadjusted,adjusted
QQQ,rsi_oversold_reclaim_40,vectorbt,end-of-day signal executed at the next trading bar close,v6-rc2-shared-rules-next-close,58872b8925760906ed358f88a8ce7ab4a660bd2161a935df41649fec13705436,0bc190976cd62389f1d4cca6ba7c5d2359f01ee617c8bf764860c40cf2a84807,configured_not_observed,34.68,-13.6,0.363,13467.71,33.0,33.0,0.0,245,245,33.0,2531,2530,33.0,Tiingo daily local CSV cache,America/New_York,2026-07-14T00:59:15.835158+00:00,2026-07-13,end_of_day_daily,adjusted_ohlc_when_available_else_unadjusted,adjusted
SGOV,ma20_reclaim_bullish,vectorbt,end-of-day signal executed at the next trading bar close,v6-rc2-shared-rules-next-close,58872b8925760906ed358f88a8ce7ab4a660bd2161a935df41649fec13705436,0bc190976cd62389f1d4cca6ba7c5d2359f01ee617c8bf764860c40cf2a84807,configured_not_observed,1.8,-14.63,0.588,10180.34,73.0,72.0,1.0,73,73,73.0,128,128,72.0,Tiingo daily local CSV cache,America/New_York,2026-07-14T00:59:15.835158+00:00,2026-07-13,end_of_day_daily,adjusted_ohlc_when_available_else_unadjusted,adjusted
SGOV,ma50_reclaim_bullish,vectorbt,end-of-day signal executed at the next trading bar close,v6-rc2-shared-rules-next-close,58872b8925760906ed358f88a8ce7ab4a660bd2161a935df41649fec13705436,0bc190976cd62389f1d4cca6ba7c5d2359f01ee617c8bf764860c40cf2a84807,configured_not_observed,10.43,-7.53,4.256,11043.06,36.0,35.0,1.0,36,36,36.0,62,62,35.0,Tiingo daily local CSV cache,America/New_York,2026-07-14T00:59:15.835158+00:00,2026-07-13,end_of_day_daily,adjusted_ohlc_when_available_else_unadjusted,adjusted
SGOV,momentum_leader,vectorbt,end-of-day signal executed at the next trading bar close,v6-rc2-shared-rules-next-close,58872b8925760906ed358f88a8ce7ab4a660bd2161a935df41649fec13705436,0bc190976cd62389f1d4cca6ba7c5d2359f01ee617c8bf764860c40cf2a84807,configured_not_observed,0.0,0.0,,10000.0,0.0,0.0,0.0,0,0,0.0,1111,1110,0.0,Tiingo daily local CSV cache,America/New_York,2026-07-14T00:59:15.835158+00:00,2026-07-13,end_of_day_daily,adjusted_ohlc_when_available_else_unadjusted,adjusted
SGOV,pullback_reclaim_5dma,vectorbt,end-of-day signal executed at the next trading bar close,v6-rc2-shared-rules-next-close,58872b8925760906ed358f88a8ce7ab4a660bd2161a935df41649fec13705436,0bc190976cd62389f1d4cca6ba7c5d2359f01ee617c8bf764860c40cf2a84807,configured_not_observed,0.0,0.0,,10000.0,0.0,0.0,0.0,0,0,0.0,128,128,0.0,Tiingo daily local CSV cache,America/New_York,2026-07-14T00:59:15.835158+00:00,2026-07-13,end_of_day_daily,adjusted_ohlc_when_available_else_unadjusted,adjusted
SGOV,relative_strength_rebound,vectorbt,end-of-day signal executed at the next trading bar close,v6-rc2-shared-rules-next-close,58872b8925760906ed358f88a8ce7ab4a660bd2161a935df41649fec13705436,0bc190976cd62389f1d4cca6ba7c5d2359f01ee617c8bf764860c40cf2a84807,configured_not_observed,0.0,0.0,,10000.0,0.0,0.0,0.0,0,0,0.0,128,128,0.0,Tiingo daily local CSV cache,America/New_York,2026-07-14T00:59:15.835158+00:00,2026-07-13,end_of_day_daily,adjusted_ohlc_when_available_else_unadjusted,adjusted
SGOV,rsi_oversold_reclaim_40,vectorbt,end-of-day signal executed at the next trading bar close,v6-rc2-shared-rules-next-close,58872b8925760906ed358f88a8ce7ab4a660bd2161a935df41649fec13705436,0bc190976cd62389f1d4cca6ba7c5d2359f01ee617c8bf764860c40cf2a84807,configured_not_observed,0.0,0.0,,10000.0,0.0,0.0,0.0,0,0,0.0,1173,1172,0.0,Tiingo daily local CSV cache,America/New_York,2026-07-14T00:59:15.835158+00:00,2026-07-13,end_of_day_daily,adjusted_ohlc_when_available_else_unadjusted,adjusted
SMH,ma20_reclaim_bullish,vectorbt,end-of-day signal executed at the next trading bar close,v6-rc2-shared-rules-next-close,58872b8925760906ed358f88a8ce7ab4a660bd2161a935df41649fec13705436,0bc190976cd62389f1d4cca6ba7c5d2359f01ee617c8bf764860c40cf2a84807,configured_not_observed,-7.98,-48.23,0.048,9202.18,204.0,204.0,0.0,204,204,204.0,2112,2111,204.0,Tiingo daily local CSV cache,America/New_York,2026-07-14T00:59:15.835158+00:00,2026-07-13,end_of_day_daily,adjusted_ohlc_when_available_else_unadjusted,adjusted
SMH,ma50_reclaim_bullish,vectorbt,end-of-day signal executed at the next trading bar close,v6-rc2-shared-rules-next-close,58872b8925760906ed358f88a8ce7ab4a660bd2161a935df41649fec13705436,0bc190976cd62389f1d4cca6ba7c5d2359f01ee617c8bf764860c40cf2a84807,configured_not_observed,203.11,-34.74,0.465,30310.78,173.0,172.0,1.0,173,173,173.0,1857,1856,172.0,Tiingo daily local CSV cache,America/New_York,2026-07-14T00:59:15.835158+00:00,2026-07-13,end_of_day_daily,adjusted_ohlc_when_available_else_unadjusted,adjusted
SMH,momentum_leader,vectorbt,end-of-day signal executed at the next trading bar close,v6-rc2-shared-rules-next-close,58872b8925760906ed358f88a8ce7ab4a660bd2161a935df41649fec13705436,0bc190976cd62389f1d4cca6ba7c5d2359f01ee617c8bf764860c40cf2a84807,configured_not_observed,256.84,-39.38,0.547,35684.13,133.0,133.0,0.0,1357,1357,133.0,2123,2122,133.0,Tiingo daily local CSV cache,America/New_York,2026-07-14T00:59:15.835158+00:00,2026-07-13,end_of_day_daily,adjusted_ohlc_when_available_else_unadjusted,adjusted
SMH,pullback_reclaim_5dma,vectorbt,end-of-day signal executed at the next trading bar close,v6-rc2-shared-rules-next-close,58872b8925760906ed358f88a8ce7ab4a660bd2161a935df41649fec13705436,0bc190976cd62389f1d4cca6ba7c5d2359f01ee617c8bf764860c40cf2a84807,configured_not_observed,-9.41,-11.61,-0.284,9058.83,2.0,2.0,0.0,26,26,2.0,2112,2111,2.0,Tiingo daily local CSV cache,America/New_York,2026-07-14T00:59:15.835158+00:00,2026-07-13,end_of_day_daily,adjusted_ohlc_when_available_else_unadjusted,adjusted
SMH,relative_strength_rebound,vectorbt,end-of-day signal executed at the next trading bar close,v6-rc2-shared-rules-next-close,58872b8925760906ed358f88a8ce7ab4a660bd2161a935df41649fec13705436,0bc190976cd62389f1d4cca6ba7c5d2359f01ee617c8bf764860c40cf2a84807,configured_not_observed,-9.9,-9.9,-0.37,9010.48,1.0,1.0,0.0,7,7,1.0,2112,2111,1.0,Tiingo daily local CSV cache,America/New_York,2026-07-14T00:59:15.835158+00:00,2026-07-13,end_of_day_daily,adjusted_ohlc_when_available_else_unadjusted,adjusted
SMH,rsi_oversold_reclaim_40,vectorbt,end-of-day signal executed at the next trading bar close,v6-rc2-shared-rules-next-close,58872b8925760906ed358f88a8ce7ab4a660bd2161a935df41649fec13705436,0bc190976cd62389f1d4cca6ba7c5d2359f01ee617c8bf764860c40cf2a84807,configured_not_observed,30.36,-27.05,0.284,13036.48,27.0,27.0,0.0,197,197,27.0,2514,2513,27.0,Tiingo daily local CSV cache,America/New_York,2026-07-14T00:59:15.835158+00:00,2026-07-13,end_of_day_daily,adjusted_ohlc_when_available_else_unadjusted,adjusted
SOXX,ma20_reclaim_bullish,vectorbt,end-of-day signal executed at the next trading bar close,v6-rc2-shared-rules-next-close,58872b8925760906ed358f88a8ce7ab4a660bd2161a935df41649fec13705436,0bc190976cd62389f1d4cca6ba7c5d2359f01ee617c8bf764860c40cf2a84807,configured_not_observed,-19.78,-54.71,-0.006,8021.92,194.0,194.0,0.0,194,194,194.0,2133,2132,194.0,Tiingo daily local CSV cache,America/New_York,2026-07-14T00:59:15.835158+00:00,2026-07-13,end_of_day_daily,adjusted_ohlc_when_available_else_unadjusted,adjusted
SOXX,ma50_reclaim_bullish,vectorbt,end-of-day signal executed at the next trading bar close,v6-rc2-shared-rules-next-close,58872b8925760906ed358f88a8ce7ab4a660bd2161a935df41649fec13705436,0bc190976cd62389f1d4cca6ba7c5d2359f01ee617c8bf764860c40cf2a84807,configured_not_observed,284.0,-35.82,0.536,38400.18,148.0,147.0,1.0,148,148,148.0,1909,1908,147.0,Tiingo daily local CSV cache,America/New_York,2026-07-14T00:59:15.835158+00:00,2026-07-13,end_of_day_daily,adjusted_ohlc_when_available_else_unadjusted,adjusted
SOXX,momentum_leader,vectorbt,end-of-day signal executed at the next trading bar close,v6-rc2-shared-rules-next-close,58872b8925760906ed358f88a8ce7ab4a660bd2161a935df41649fec13705436,0bc190976cd62389f1d4cca6ba7c5d2359f01ee617c8bf764860c40cf2a84807,configured_not_observed,99.09,-40.69,0.352,19908.94,117.0,117.0,0.0,931,931,117.0,2144,2143,117.0,Tiingo daily local CSV cache,America/New_York,2026-07-14T00:59:15.835158+00:00,2026-07-13,end_of_day_daily,adjusted_ohlc_when_available_else_unadjusted,adjusted
SOXX,pullback_reclaim_5dma,vectorbt,end-of-day signal executed at the next trading bar close,v6-rc2-shared-rules-next-close,58872b8925760906ed358f88a8ce7ab4a660bd2161a935df41649fec13705436,0bc190976cd62389f1d4cca6ba7c5d2359f01ee617c8bf764860c40cf2a84807,configured_not_observed,-7.7,-13.73,-0.178,9229.98,4.0,4.0,0.0,34,34,4.0,2133,2132,4.0,Tiingo daily local CSV cache,America/New_York,2026-07-14T00:59:15.835158+00:00,2026-07-13,end_of_day_daily,adjusted_ohlc_when_available_else_unadjusted,adjusted
SOXX,relative_strength_rebound,vectorbt,end-of-day signal executed at the next trading bar close,v6-rc2-shared-rules-next-close,58872b8925760906ed358f88a8ce7ab4a660bd2161a935df41649fec13705436,0bc190976cd62389f1d4cca6ba7c5d2359f01ee617c8bf764860c40cf2a84807,configured_not_observed,-11.35,-13.73,-0.301,8864.88,3.0,3.0,0.0,18,18,3.0,2133,2132,3.0,Tiingo daily local CSV cache,America/New_York,2026-07-14T00:59:15.835158+00:00,2026-07-13,end_of_day_daily,adjusted_ohlc_when_available_else_unadjusted,adjusted
SOXX,rsi_oversold_reclaim_40,vectorbt,end-of-day signal executed at the next trading bar close,v6-rc2-shared-rules-next-close,58872b8925760906ed358f88a8ce7ab4a660bd2161a935df41649fec13705436,0bc190976cd62389f1d4cca6ba7c5d2359f01ee617c8bf764860c40cf2a84807,configured_not_observed,109.63,-14.6,0.663,20962.95,29.0,29.0,0.0,227,227,29.0,2510,2509,29.0,Tiingo daily local CSV cache,America/New_York,2026-07-14T00:59:15.835158+00:00,2026-07-13,end_of_day_daily,adjusted_ohlc_when_available_else_unadjusted,adjusted
SPY,ma20_reclaim_bullish,vectorbt,end-of-day signal executed at the next trading bar close,v6-rc2-shared-rules-next-close,58872b8925760906ed358f88a8ce7ab4a660bd2161a935df41649fec13705436,0bc190976cd62389f1d4cca6ba7c5d2359f01ee617c8bf764860c40cf2a84807,configured_not_observed,4.72,-31.27,0.079,10472.05,199.0,198.0,1.0,199,199,199.0,1804,1804,198.0,Tiingo daily local CSV cache,America/New_York,2026-07-14T00:59:15.835158+00:00,2026-07-13,end_of_day_daily,adjusted_ohlc_when_available_else_unadjusted,adjusted
SPY,ma50_reclaim_bullish,vectorbt,end-of-day signal executed at the next trading bar close,v6-rc2-shared-rules-next-close,58872b8925760906ed358f88a8ce7ab4a660bd2161a935df41649fec13705436,0bc190976cd62389f1d4cca6ba7c5d2359f01ee617c8bf764860c40cf2a84807,configured_not_observed,75.73,-28.07,0.434,17572.73,140.0,139.0,1.0,140,140,140.0,1602,1602,139.0,Tiingo daily local CSV cache,America/New_York,2026-07-14T00:59:15.835158+00:00,2026-07-13,end_of_day_daily,adjusted_ohlc_when_available_else_unadjusted,adjusted
SPY,momentum_leader,vectorbt,end-of-day signal executed at the next trading bar close,v6-rc2-shared-rules-next-close,58872b8925760906ed358f88a8ce7ab4a660bd2161a935df41649fec13705436,0bc190976cd62389f1d4cca6ba7c5d2359f01ee617c8bf764860c40cf2a84807,configured_not_observed,8.33,-13.47,0.119,10833.12,41.0,41.0,0.0,141,141,41.0,1814,1814,41.0,Tiingo daily local CSV cache,America/New_York,2026-07-14T00:59:15.835158+00:00,2026-07-13,end_of_day_daily,adjusted_ohlc_when_available_else_unadjusted,adjusted
SPY,pullback_reclaim_5dma,vectorbt,end-of-day signal executed at the next trading bar close,v6-rc2-shared-rules-next-close,58872b8925760906ed358f88a8ce7ab4a660bd2161a935df41649fec13705436,0bc190976cd62389f1d4cca6ba7c5d2359f01ee617c8bf764860c40cf2a84807,configured_not_observed,0.0,0.0,,10000.0,0.0,0.0,0.0,2,2,0.0,1804,1804,0.0,Tiingo daily local CSV cache,America/New_York,2026-07-14T00:59:15.835158+00:00,2026-07-13,end_of_day_daily,adjusted_ohlc_when_available_else_unadjusted,adjusted
SPY,relative_strength_rebound,vectorbt,end-of-day signal executed at the next trading bar close,v6-rc2-shared-rules-next-close,58872b8925760906ed358f88a8ce7ab4a660bd2161a935df41649fec13705436,0bc190976cd62389f1d4cca6ba7c5d2359f01ee617c8bf764860c40cf2a84807,configured_not_observed,0.0,0.0,,10000.0,0.0,0.0,0.0,3,3,0.0,1804,1804,0.0,Tiingo daily local CSV cache,America/New_York,2026-07-14T00:59:15.835158+00:00,2026-07-13,end_of_day_daily,adjusted_ohlc_when_available_else_unadjusted,adjusted
SPY,rsi_oversold_reclaim_40,vectorbt,end-of-day signal executed at the next trading bar close,v6-rc2-shared-rules-next-close,58872b8925760906ed358f88a8ce7ab4a660bd2161a935df41649fec13705436,0bc190976cd62389f1d4cca6ba7c5d2359f01ee617c8bf764860c40cf2a84807,configured_not_observed,63.16,-16.56,0.582,16316.42,33.0,33.0,0.0,257,257,33.0,2278,2278,33.0,Tiingo daily local CSV cache,America/New_York,2026-07-14T00:59:15.835158+00:00,2026-07-13,end_of_day_daily,adjusted_ohlc_when_available_else_unadjusted,adjusted
TLT,ma20_reclaim_bullish,vectorbt,end-of-day signal executed at the next trading bar close,v6-rc2-shared-rules-next-close,58872b8925760906ed358f88a8ce7ab4a660bd2161a935df41649fec13705436,0bc190976cd62389f1d4cca6ba7c5d2359f01ee617c8bf764860c40cf2a84807,configured_not_observed,0.16,-27.46,0.047,10015.84,171.0,171.0,0.0,171,171,171.0,2570,2569,171.0,Tiingo daily local CSV cache,America/New_York,2026-07-14T00:59:15.835158+00:00,2026-07-13,end_of_day_daily,adjusted_ohlc_when_available_else_unadjusted,adjusted
TLT,ma50_reclaim_bullish,vectorbt,end-of-day signal executed at the next trading bar close,v6-rc2-shared-rules-next-close,58872b8925760906ed358f88a8ce7ab4a660bd2161a935df41649fec13705436,0bc190976cd62389f1d4cca6ba7c5d2359f01ee617c8bf764860c40cf2a84807,configured_not_observed,-10.8,-36.64,-0.021,8919.6,134.0,134.0,0.0,134,134,134.0,2430,2429,134.0,Tiingo daily local CSV cache,America/New_York,2026-07-14T00:59:15.835158+00:00,2026-07-13,end_of_day_daily,adjusted_ohlc_when_available_else_unadjusted,adjusted
TLT,momentum_leader,vectorbt,end-of-day signal executed at the next trading bar close,v6-rc2-shared-rules-next-close,58872b8925760906ed358f88a8ce7ab4a660bd2161a935df41649fec13705436,0bc190976cd62389f1d4cca6ba7c5d2359f01ee617c8bf764860c40cf2a84807,configured_not_observed,43.51,-13.57,0.331,14351.26,56.0,56.0,0.0,379,379,56.0,2582,2581,56.0,Tiingo daily local CSV cache,America/New_York,2026-07-14T00:59:15.835158+00:00,2026-07-13,end_of_day_daily,adjusted_ohlc_when_available_else_unadjusted,adjusted
TLT,pullback_reclaim_5dma,vectorbt,end-of-day signal executed at the next trading bar close,v6-rc2-shared-rules-next-close,58872b8925760906ed358f88a8ce7ab4a660bd2161a935df41649fec13705436,0bc190976cd62389f1d4cca6ba7c5d2359f01ee617c8bf764860c40cf2a84807,configured_not_observed,-5.85,-5.85,-0.265,9415.14,1.0,1.0,0.0,2,2,1.0,2570,2569,1.0,Tiingo daily local CSV cache,America/New_York,2026-07-14T00:59:15.835158+00:00,2026-07-13,end_of_day_daily,adjusted_ohlc_when_available_else_unadjusted,adjusted
TLT,relative_strength_rebound,vectorbt,end-of-day signal executed at the next trading bar close,v6-rc2-shared-rules-next-close,58872b8925760906ed358f88a8ce7ab4a660bd2161a935df41649fec13705436,0bc190976cd62389f1d4cca6ba7c5d2359f01ee617c8bf764860c40cf2a84807,configured_not_observed,-5.85,-5.85,-0.265,9415.14,1.0,1.0,0.0,1,1,1.0,2570,2569,1.0,Tiingo daily local CSV cache,America/New_York,2026-07-14T00:59:15.835158+00:00,2026-07-13,end_of_day_daily,adjusted_ohlc_when_available_else_unadjusted,adjusted
TLT,rsi_oversold_reclaim_40,vectorbt,end-of-day signal executed at the next trading bar close,v6-rc2-shared-rules-next-close,58872b8925760906ed358f88a8ce7ab4a660bd2161a935df41649fec13705436,0bc190976cd62389f1d4cca6ba7c5d2359f01ee617c8bf764860c40cf2a84807,configured_not_observed,-13.71,-19.83,-0.323,8629.39,33.0,33.0,0.0,249,249,33.0,2804,2803,33.0,Tiingo daily local CSV cache,America/New_York,2026-07-14T00:59:15.835158+00:00,2026-07-13,end_of_day_daily,adjusted_ohlc_when_available_else_unadjusted,adjusted
TSM,ma20_reclaim_bullish,vectorbt,end-of-day signal executed at the next trading bar close,v6-rc2-shared-rules-next-close,58872b8925760906ed358f88a8ce7ab4a660bd2161a935df41649fec13705436,0bc190976cd62389f1d4cca6ba7c5d2359f01ee617c8bf764860c40cf2a84807,configured_not_observed,35.25,-49.14,0.202,13525.1,166.0,166.0,0.0,166,166,166.0,2184,2183,166.0,Tiingo daily local CSV cache,America/New_York,2026-07-14T00:59:15.835158+00:00,2026-07-13,end_of_day_daily,adjusted_ohlc_when_available_else_unadjusted,adjusted
TSM,ma50_reclaim_bullish,vectorbt,end-of-day signal executed at the next trading bar close,v6-rc2-shared-rules-next-close,58872b8925760906ed358f88a8ce7ab4a660bd2161a935df41649fec13705436,0bc190976cd62389f1d4cca6ba7c5d2359f01ee617c8bf764860c40cf2a84807,configured_not_observed,51.93,-46.81,0.239,15193.39,126.0,125.0,1.0,126,126,126.0,1966,1965,125.0,Tiingo daily local CSV cache,America/New_York,2026-07-14T00:59:15.835158+00:00,2026-07-13,end_of_day_daily,adjusted_ohlc_when_available_else_unadjusted,adjusted
TSM,momentum_leader,vectorbt,end-of-day signal executed at the next trading bar close,v6-rc2-shared-rules-next-close,58872b8925760906ed358f88a8ce7ab4a660bd2161a935df41649fec13705436,0bc190976cd62389f1d4cca6ba7c5d2359f01ee617c8bf764860c40cf2a84807,configured_not_observed,90.73,-65.64,0.307,19072.51,136.0,136.0,0.0,1234,1234,136.0,2189,2188,136.0,Tiingo daily local CSV cache,America/New_York,2026-07-14T00:59:15.835158+00:00,2026-07-13,end_of_day_daily,adjusted_ohlc_when_available_else_unadjusted,adjusted
TSM,pullback_reclaim_5dma,vectorbt,end-of-day signal executed at the next trading bar close,v6-rc2-shared-rules-next-close,58872b8925760906ed358f88a8ce7ab4a660bd2161a935df41649fec13705436,0bc190976cd62389f1d4cca6ba7c5d2359f01ee617c8bf764860c40cf2a84807,configured_not_observed,-3.46,-11.26,-0.039,9654.47,5.0,5.0,0.0,41,41,5.0,2184,2183,5.0,Tiingo daily local CSV cache,America/New_York,2026-07-14T00:59:15.835158+00:00,2026-07-13,end_of_day_daily,adjusted_ohlc_when_available_else_unadjusted,adjusted
TSM,relative_strength_rebound,vectorbt,end-of-day signal executed at the next trading bar close,v6-rc2-shared-rules-next-close,58872b8925760906ed358f88a8ce7ab4a660bd2161a935df41649fec13705436,0bc190976cd62389f1d4cca6ba7c5d2359f01ee617c8bf764860c40cf2a84807,configured_not_observed,12.65,-7.43,0.212,11264.79,4.0,4.0,0.0,27,27,4.0,2184,2183,4.0,Tiingo daily local CSV cache,America/New_York,2026-07-14T00:59:15.835158+00:00,2026-07-13,end_of_day_daily,adjusted_ohlc_when_available_else_unadjusted,adjusted
TSM,rsi_oversold_reclaim_40,vectorbt,end-of-day signal executed at the next trading bar close,v6-rc2-shared-rules-next-close,58872b8925760906ed358f88a8ce7ab4a660bd2161a935df41649fec13705436,0bc190976cd62389f1d4cca6ba7c5d2359f01ee617c8bf764860c40cf2a84807,configured_not_observed,9.63,-22.46,0.116,10963.46,28.0,28.0,0.0,204,204,28.0,2523,2522,28.0,Tiingo daily local CSV cache,America/New_York,2026-07-14T00:59:15.835158+00:00,2026-07-13,end_of_day_daily,adjusted_ohlc_when_available_else_unadjusted,adjusted
VRT,ma20_reclaim_bullish,vectorbt,end-of-day signal executed at the next trading bar close,v6-rc2-shared-rules-next-close,58872b8925760906ed358f88a8ce7ab4a660bd2161a935df41649fec13705436,0bc190976cd62389f1d4cca6ba7c5d2359f01ee617c8bf764860c40cf2a84807,configured_not_observed,328.61,-28.94,1.005,42861.36,77.0,77.0,0.0,77,77,77.0,731,731,77.0,Tiingo daily local CSV cache,America/New_York,2026-07-14T00:59:15.835158+00:00,2026-07-09,end_of_day_daily,adjusted_ohlc_when_available_else_unadjusted,adjusted
VRT,ma50_reclaim_bullish,vectorbt,end-of-day signal executed at the next trading bar close,v6-rc2-shared-rules-next-close,58872b8925760906ed358f88a8ce7ab4a660bd2161a935df41649fec13705436,0bc190976cd62389f1d4cca6ba7c5d2359f01ee617c8bf764860c40cf2a84807,configured_not_observed,796.83,-43.95,1.179,89682.76,41.0,41.0,0.0,41,41,41.0,561,560,41.0,Tiingo daily local CSV cache,America/New_York,2026-07-14T00:59:15.835158+00:00,2026-07-09,end_of_day_daily,adjusted_ohlc_when_available_else_unadjusted,adjusted
VRT,momentum_leader,vectorbt,end-of-day signal executed at the next trading bar close,v6-rc2-shared-rules-next-close,58872b8925760906ed358f88a8ce7ab4a660bd2161a935df41649fec13705436,0bc190976cd62389f1d4cca6ba7c5d2359f01ee617c8bf764860c40cf2a84807,configured_not_observed,1489.36,-33.16,1.449,158935.59,53.0,53.0,0.0,717,717,53.0,754,754,53.0,Tiingo daily local CSV cache,America/New_York,2026-07-14T00:59:15.835158+00:00,2026-07-09,end_of_day_daily,adjusted_ohlc_when_available_else_unadjusted,adjusted
VRT,pullback_reclaim_5dma,vectorbt,end-of-day signal executed at the next trading bar close,v6-rc2-shared-rules-next-close,58872b8925760906ed358f88a8ce7ab4a660bd2161a935df41649fec13705436,0bc190976cd62389f1d4cca6ba7c5d2359f01ee617c8bf764860c40cf2a84807,configured_not_observed,18.71,-15.23,0.357,11871.03,8.0,7.0,1.0,36,36,8.0,731,731,7.0,Tiingo daily local CSV cache,America/New_York,2026-07-14T00:59:15.835158+00:00,2026-07-09,end_of_day_daily,adjusted_ohlc_when_available_else_unadjusted,adjusted
VRT,relative_strength_rebound,vectorbt,end-of-day signal executed at the next trading bar close,v6-rc2-shared-rules-next-close,58872b8925760906ed358f88a8ce7ab4a660bd2161a935df41649fec13705436,0bc190976cd62389f1d4cca6ba7c5d2359f01ee617c8bf764860c40cf2a84807,configured_not_observed,-4.39,-34.11,0.048,9561.21,9.0,8.0,1.0,17,17,9.0,731,731,8.0,Tiingo daily local CSV cache,America/New_York,2026-07-14T00:59:15.835158+00:00,2026-07-09,end_of_day_daily,adjusted_ohlc_when_available_else_unadjusted,adjusted
VRT,rsi_oversold_reclaim_40,vectorbt,end-of-day signal executed at the next trading bar close,v6-rc2-shared-rules-next-close,58872b8925760906ed358f88a8ce7ab4a660bd2161a935df41649fec13705436,0bc190976cd62389f1d4cca6ba7c5d2359f01ee617c8bf764860c40cf2a84807,configured_not_observed,-19.62,-37.57,-0.301,8037.87,7.0,7.0,0.0,61,61,7.0,980,980,7.0,Tiingo daily local CSV cache,America/New_York,2026-07-14T00:59:15.835158+00:00,2026-07-09,end_of_day_daily,adjusted_ohlc_when_available_else_unadjusted,adjusted
